pto. sup. terrestre,Fecha/Date,Pais/Country,Lugar/Place,Coordenadas del centro de la imagen/Center cordinates,Orientation,Observaciones/comments,Enlace a la ficha/Link,Enlace  a la imagen/Image,Autor/Author of clasification,Calidad/Cuality,Focal/ Focal Length,Cámara/ Model,T. Exposición/ Shutter,Apertura/ Aperture,ISO,Clasificada(1)/ No Clasificada(0),Other links(twitter and other),Similar images,Tilt
,2004:11:19 17:53:43,NETHERLANDS,"AMSTERDAM, ROTTERDAM AT NIGHT",,,,http://eol.jsc.nasa.gov/scripts/sseop/photo.pl?mission=ISS010&roll=E&frame=7731,http://eol.jsc.nasa.gov/sseop/images/ESC/small/ISS010/ISS010-E-7731.JPG,Marian,,¿?,NIKON D1,¿?,¿?,¿?,1,,,
,12/12/2007 20:45:24,Italy,Rome,"42.0, 12.5",Nadir: noreste,,http://eol.jsc.nasa.gov/scripts/sseop/QuickView.pl?directory=ESC&ID=ISS016-E-16219,http://eol.jsc.nasa.gov/sseop/images/ESC/small/ISS016/ISS016-E-16219.jpg,Guillermo Marian,,85.0 mm,NIKON D2X,0.05,1.4,,1,http://www.flickr.com/photos/magisstra/5309176283/in/photostream/,,
,1/30/2008 22:42:27,Spain,Madrid,"40,61, -3,74",North bottom,,http://eol.jsc.nasa.gov/scripts/sseop/QuickView.pl?directory=ESC&ID=ISS016-E-26126,http://eol.jsc.nasa.gov/sseop/images/ESC/small/ISS016/ISS016-E-26126.jpg,Alex,muy de canto,85 mm,NIKON D2Xs,0.05,1.4,HI-1,1,,,
,2003:02:03 20:24:54,Serbia,Belgrade,"44.0, 21.0",,,http://eol.jsc.nasa.gov/scripts/sseop/QuickView.pl?directory=ESC&ID=ISS006-E-22876,http://eol.jsc.nasa.gov/sseop/images/ESC/small/ISS006/ISS006-E-22876.jpg,Marian,Baja,¿?,K760C-01390,0.5,¿?,400,1,http://www.flickr.com/photos/magisstra/5428851918/in/photostream/,,
,2003:10:02 20:13:26,Italy,Po Valley,"45.5, 11.0",Nadir: noroeste,,http://eol.jsc.nasa.gov/scripts/sseop/QuickView.pl?directory=ESC&ID=ISS007-E-16116,http://eol.jsc.nasa.gov/sseop/images/ESC/small/ISS007/ISS007-E-16116.jpg,"Marian, Guillermo",,50.0 mm,KODAK,1.3,1.4,200,1,http://www.flickr.com/photos/magisstra/5428852364/in/photostream/,,
,2009:09:10 21:37:01,UK,London,"51.5, 0.0",Nadir: oeste,,http://eol.jsc.nasa.gov/scripts/sseop/photo.pl?mission=ISS020&roll=E&frame=39454,http://eol.jsc.nasa.gov/sseop/images/ESC/small/ISS020/ISS020-E-39454.JPG,Marian,,70.00 mm,NIKON D2Xs,0.6,2.8,3200,1,,,
,2009:10:25 00:03:45,Spain,La manga,"37,729, -0,830",ESE arriba,,http://eol.jsc.nasa.gov/scripts/sseop/QuickView.pl?directory=ESC&ID=ISS021-E-15145,http://eol.jsc.nasa.gov/sseop/images/ESC/small/ISS021/ISS021-E-15145.jpg,Alex,movida,180.0 mm,NIKON D2Xs,0.3,2.8,400,0,,,
,2009:10:25 00:03:59,Spain,Valencia,"39.476,-0.375",Noreste arriba,despejado,http://eol.jsc.nasa.gov/scripts/sseop/QuickView.pl?directory=ESC&ID=ISS021-E-15146,http://eol.jsc.nasa.gov/sseop/images/ESC/small/ISS021/ISS021-E-15146.jpg,Alex,movida,180.0 mm,NIKON D2Xs,0.3,2.8,400,1,,,
,2009:10:29 22:45:09,Spain,Tenerife y Gran Canaria,"28.087,-16.136",norte arriba,despejado,http://eol.jsc.nasa.gov/scripts/sseop/QuickView.pl?directory=ESC&ID=ISS021-E-17003,http://eol.jsc.nasa.gov/sseop/images/ESC/small/ISS021/ISS021-E-17003.JPG,Alex,,58.0 mm,NIKON D2Xs,0.2,1.2,800,0,,,
,2009:10:29 22:50:16,Spain,Costa de Valencia,"38.767,-0.231",Oeste Arriba,,http://eol.jsc.nasa.gov/scripts/sseop/QuickView.pl?directory=ESC&ID=ISS021-E-17023,http://eol.jsc.nasa.gov/sseop/images/ESC/small/ISS021/ISS021-E-17023.jpg,Alex,,58.0 mm,NIKON D2Xs,0.2,1.2,800,0,,,
,2009:10:29 22:50:42,Spain,Madrid,"40.441, -3.681",,,http://eol.jsc.nasa.gov/scripts/sseop/photo.pl?mission=ISS021&roll=E&frame=17025,http://eol.jsc.nasa.gov/sseop/images/ESC/small/ISS021/ISS021-E-17025.jpg,Alex,,58.0 mm,NIKON D2Xs,0.2,1.2,800,0,,,
,2009:10:29 22:51:11,Spain,Barcelona,"41.245,1.653",Noroeste arriba,,http://eol.jsc.nasa.gov/scripts/sseop/QuickView.pl?directory=ESC&ID=ISS021-E-17027,http://eol.jsc.nasa.gov/sseop/images/ESC/small/ISS021/ISS021-E-17027.JPG,Alex,,58.0 mm,NIKON D2Xs,0.2,1.2,800,0,,,
,2009:10:31 21:56:57,Spain,Tenerife y Gran Canaria,"28.130,-16.062",sur arriba,,http://eol.jsc.nasa.gov/scripts/sseop/QuickView.pl?directory=ESC&ID=ISS021-E-18602,http://eol.jsc.nasa.gov/sseop/images/ESC/small/ISS021/ISS021-E-18602.JPG,"Alex, Marian",,58.0 mm,NIKON D2Xs,0.2,1.2,800,0,,,
,2009:10:31 22:01:46,Spain,Costa de Valencia,"39.470,-0.374",sur arriba,,http://eol.jsc.nasa.gov/scripts/sseop/QuickView.pl?directory=ESC&ID=ISS021-E-18625,http://eol.jsc.nasa.gov/sseop/images/ESC/small/ISS021/ISS021-E-18625.JPG,Alex,,58.0 mm,NIKON D2Xs,0.2,1.2,800,0,,,
,2009:10:31 22:01:46,Spain,Valencia,"39.521,-0.374",sur arriba,,http://eol.jsc.nasa.gov/sseop/images/ESC/small/ISS021/ISS021-E-18625.JPG,http://eol.jsc.nasa.gov/sseop/images/ESC/small/ISS021/ISS021-E-18625.JPG,PC101,,58.0 mm,NIKON D2Xs,0.2,1.2,800,0,,,
,2009:11:03 21:34:36,Spain,Cadiz,"36.014, -5.592",norte arriba,,http://eol.jsc.nasa.gov/scripts/sseop/photo.pl?mission=ISS021&roll=E&frame=21397,http://eol.jsc.nasa.gov/sseop/images/ESC/small/ISS021/ISS021-E-21397.JPG,PC101,,58.0 mm,NIKON D2Xs,0.2,1.2,800,0,,,
,2009:11:03 21:35:21,Spain,Madrid,"40.424, -3.701",,,http://eol.jsc.nasa.gov/scripts/sseop/QuickView.pl?directory=ESC&ID=ISS021-E-21400,http://eol.jsc.nasa.gov/sseop/images/ESC/small/ISS021/ISS021-E-21400.jpg,"Alex, Marian",OK,58.0 mm,NIKON D2Xs,0.2,1.2,800,0,,,
,2009:11:07 18:21:35,Spain,Barcelona,"41.410, 2.109",noreste arriba,,http://eol.jsc.nasa.gov/scripts/sseop/QuickView.pl?directory=ESC&ID=ISS021-E-24543,http://eol.jsc.nasa.gov/sseop/images/ESC/small/ISS021/ISS021-E-24543.jpg,"Alex, Marian",,58.0 mm,NIKON D2Xs,0.2,1.2,800,0,,,
,2009:11:07 18:21:52,Spain,Costa catalana,"43.309, 3.483",,,http://eol.jsc.nasa.gov/scripts/sseop/photo.pl?mission=ISS021&roll=E&frame=24544,http://eol.jsc.nasa.gov/sseop/images/ESC/small/ISS021/ISS021-E-24544.JPG,"Alex, Marian",,58.0 mm,NIKON D2Xs,0.2,1.2,800,0,,,
,2009:11:14 22:38:16,Spain,Valencia,"39.521,-0.374",este ariba,,http://eol.jsc.nasa.gov/scripts/sseop/photo.pl?mission=ISS021&roll=E&frame=25437,http://eol.jsc.nasa.gov/sseop/images/ESC/small/ISS021/ISS021-E-25437.JPG,"Alex, Marian",,180mm,D2Xs,0.2,2.8,800,0,,,
,2009:11:15 23:00:38,Spain,Cadiz,"36.853,-5.405",oeste arriba,Despejado,http://eol.jsc.nasa.gov/scripts/sseop/QuickView.pl?directory=ESC&ID=ISS021-E-27320,http://eol.jsc.nasa.gov/sseop/images/ESC/small/ISS021/ISS021-E-27320.jpg,"Alex, Marian",OK,58.0 mm,NIKON D2Xs,0.2,1.2,800,0,,,
,2010:03:08 19:34:11,Ukraine,"Kiev, Ukraine","50.4 , 30.6",Nadir: Este,Nuboso,http://eol.jsc.nasa.gov/scripts/sseop/QuickView.pl?directory=ESC&ID=ISS022-E-85416,http://eol.jsc.nasa.gov/sseop/images/ESC/small/ISS022/ISS022-E-85416.JPG,Marian,,85.0 mm,NIKON D2Xs,0.016666666666667,1.4,800,1,http://www.flickr.com/photos/magisstra/5428850390/in/photostream/,85416 - 85417,
,2010:04:25 22:10:03,España,Lisboa,"38.887,-8.720",norte arriba,,http://eol.jsc.nasa.gov/scripts/sseop/photo.pl?mission=ISS023&roll=E&frame=29555,http://eol.jsc.nasa.gov/sseop/images/ESC/small/ISS023/ISS023-E-29555.JPG,"Alex, Marian",,0.0 mm,NIKON D3S,0.076923076923077,,6400,0,,29554 - 29555,
,2010:04:25 22:11:05,España,Madrid,"40.427,-3.702",sur arriba,,http://eol.jsc.nasa.gov/scripts/sseop/QuickView.pl?directory=ESC&ID=ISS023-E-29557,http://eol.jsc.nasa.gov/sseop/images/ESC/small/ISS023/ISS023-E-29557.jpg,Jaz,,,,,,,0,,	29556 - 	29558,
,2010:04:25 22:14:43,Italy,Venecia,"45,40, 12,29",,,http://eol.jsc.nasa.gov/scripts/sseop/photo.pl?mission=ISS023&roll=E&frame=29566,http://eol.jsc.nasa.gov/sseop/images/ESC/small/ISS023/ISS023-E-29566.JPG,Paco y Alex,,,NIKON D3,0.125,,6400,0,,,
,2010:04:25 22:16:57,Polonia,Varsovia,"52.164,21.129",noreste,,http://eol.jsc.nasa.gov/scripts/sseop/photo.pl?mission=ISS023&roll=E&frame=29571,http://eol.jsc.nasa.gov/sseop/images/ESC/small/ISS023/ISS023-E-29571.JPG,"Alex, Marian",,0.0 mm,NIKON D3S,0.1,,6400,0,,,
,2010:04:26 22:37:02,España,Madrid,"40.427,-3.702",noroeste arriba,,http://eol.jsc.nasa.gov/scripts/sseop/QuickView.pl?directory=ESC&ID=ISS023-E-28918,http://eol.jsc.nasa.gov/sseop/images/ESC/small/ISS023/ISS023-E-28918.jpg,Marian,,0.0 mm,NIKON D3S,0.166666666666667,,6400,0,,,
,2010:04:28 21:54:12,Francia,"LYON, TORINO, MARSEIILE","44.5, 5.5",,,http://eol.jsc.nasa.gov/scripts/sseop/photo.pl?mission=ISS023&roll=E&frame=29061,http://eol.jsc.nasa.gov/sseop/images/ESC/small/ISS023/ISS023-E-29061.JPG,Marian,,0.0 mm,NIKON D3S,0.076923076923077,,6400,1,,,
,2010:04:29 22:21:00,Italia,Italia,"41.951, 16.018",,Despejado,http://eol.jsc.nasa.gov/scripts/sseop/QuickView.pl?directory=ESC&ID=ISS023-E-33042,http://eol.jsc.nasa.gov/sseop/images/ESC/small/ISS023/ISS023-E-33042.jpg,"Alex, Marian",,0.0 mm,D3,0.125,,6400,0,,,
,2010:04:30 18:18:57,China,Pekin,"39.9, 116.4",,,http://eol.jsc.nasa.gov/scripts/sseop/photo.pl?mission=ISS023&roll=E&frame=30259,http://eol.jsc.nasa.gov/sseop/images/ESC/small/ISS023/ISS023-E-30259.JPG,Alex,,800.0 mm,D3S,0.008,5.6,12800,0,,,
"Lon   =  -348°42'00""     Lat   = +49°51'04""",2010:05:01 23:11:20,¿Germany?,,,,,http://eol.jsc.nasa.gov/scripts/sseop/photo.pl?mission=ISS023&roll=E&frame=30618,http://eol.jsc.nasa.gov/sseop/images/ESC/small/ISS023/ISS023-E-30618.JPG,Alex,,200.0 mm,NIKON D3S,1/125,2.8,12800,0,,,
,2010:05:02 17:36:12,Korea,Seul,"37.5, 126.9",,Pacialmente nublado,http://eol.jsc.nasa.gov/scripts/sseop/QuickView.pl?directory=ESC&ID=ISS023-E-31107,http://eol.jsc.nasa.gov/sseop/images/ESC/small/ISS023/ISS023-E-31107.jpg,"Alex, Marian",,400.0 mm,D3S,0.005,2.8,12800,0,ISS026 12325-12336,,
,2010:05:03 07:20:29,USA,Chicago,"41.882,-87.632",,,http://eol.jsc.nasa.gov/scripts/sseop/QuickView.pl?directory=ESC&ID=ISS023-E-31264,http://eol.jsc.nasa.gov/sseop/images/ESC/small/ISS023/ISS023-E-31264.JPG,"Alex, Marian",,80 mm,D3S,0.125,2.8,12800,0,,,
"Lon   = -220°33'59""     Lat   = +33°06'49""  ",2010:05:03 16:28:44,,¿Kobe osaka?,,,,http://eol.jsc.nasa.gov/scripts/sseop/photo.pl?mission=ISS023&roll=E&frame=31424,http://eol.jsc.nasa.gov/sseop/images/ESC/small/ISS023/ISS023-E-31424.JPG,Alex,,200 mm,D3S,0.004,2.8,12800,0,,,
,2010:10:26 20:59:38,España,España,"40.427,-3.702",sur arriba,,http://eol.jsc.nasa.gov/scripts/sseop/QuickView.pl?directory=ESC&ID=ISS025-E-9374,http://eol.jsc.nasa.gov/sseop/images/ESC/small/ISS025/ISS025-E-9374.jpg,Alex,,16.0 mm,NIKON D3S,0.066666666666667,2.8,12800,0,,,
,2010:10:29 23:56:23,España,España,"40.427,-3.702",,,http://eol.jsc.nasa.gov/scripts/sseop/QuickView.pl?directory=ESC&ID=ISS025-E-10378,http://eol.jsc.nasa.gov/sseop/images/ESC/small/ISS025/ISS025-E-10378.jpg,Alex,,"26.0 mm
",NIKON D3S,0.166666666666667,2.8,25600,1,,,
,2010:10:29 23:58:21,España,Baleres y Barcelona,"40.572, 2.472",sur arriba,,http://eol.jsc.nasa.gov/scripts/sseop/QuickView.pl?directory=ESC&ID=ISS025-E-10396,http://eol.jsc.nasa.gov/sseop/images/ESC/small/ISS025/ISS025-E-10396.jpg,Alex,OK,30.0 mm,NIKON D3S,0.166666666666667,2.8,25600,1,,,
,2010:10:29 23:59:01,España,España,"39.5 , -1.5",Nadir: Oeste,,http://eol.jsc.nasa.gov/scripts/sseop/QuickView.pl?directory=ESC&ID=ISS025-E-10400-Espa%C3%B1a,http://eol.jsc.nasa.gov/sseop/images/ESC/small/ISS025/ISS025-E-10400.jpg,"Alex, Marian",muy buena,30.0 mm,NIKON D3S,0.166666666666667,2.8,25600,1,,,
,2010:10:30 22:46:49,"UK, Irlanda",,"55.0, -5.5",,,http://eol.jsc.nasa.gov/scripts/sseop/photo.pl?mission=ISS025&roll=E&frame=10541,http://eol.jsc.nasa.gov/sseop/images/ESC/small/ISS025/ISS025-E-10541.JPG,Marian,poor focus,22.0 mm,NIKON D3S,0.166666666666667,2.8,25600,1,,10533 - 10541,
,2010:10:30 22:55:33,Egipto,"NILE DELTA, NILE VALLEY, ISRAEL","28.0, 34.0",Nadir: noreste,,http://eol.jsc.nasa.gov/scripts/sseop/photo.pl?mission=ISS025&roll=E&frame=10611,http://eol.jsc.nasa.gov/sseop/images/ESC/small/ISS025/ISS025-E-10611.JPG,Marian,,17.0 mm,NIKON D3S,0.166666666666667,2.8,25600,1,,10609 - 10612,
,2010:11:04 21:48:22,España,España,"39.5 , -1.5",,,http://eol.jsc.nasa.gov/scripts/sseop/QuickView.pl?directory=ESC&ID=ISS025-E-11721,http://eol.jsc.nasa.gov/sseop/images/ESC/small/ISS025/ISS025-E-11721.jpg,Alex,,17.0 mm,NIKON D3S,0.166666666666667,2.8,20319,0,,,
,2010:11:04 21:49:50,España,Madrid,"40.427,-3.702",,,http://eol.jsc.nasa.gov/scripts/sseop/QuickView.pl?directory=ESC&ID=ISS025-E-11733-Madrid,http://eol.jsc.nasa.gov/sseop/images/ESC/small/ISS025/ISS025-E-11733.jpg,Alex,Muy buena,55.0 mm,NIKON D3S,0.166666666666667,2.8,20319,0,,,
,2010:11:04 21:51:00,España,Valencia,"39.473, -0.328",norte arriba,,http://eol.jsc.nasa.gov/scripts/sseop/QuickView.pl?directory=ESC&ID=ISS025-E-11746,http://eol.jsc.nasa.gov/sseop/images/ESC/small/ISS025/ISS025-E-11746.jpg,"Alex, Marian",Muy buena,55.0 mm,NIKON D3S,0.166666666666667,2.8,20319,0,,,
,2010:11:04 21:52:12,España,Costa este y Madrid,,,,http://eol.jsc.nasa.gov/scripts/sseop/QuickView.pl?directory=ESC&ID=ISS025-E-11753,http://eol.jsc.nasa.gov/sseop/images/ESC/small/ISS025/ISS025-E-11753.jpg,Alex,Muy buena,18.0 mm,NIKON D3S,0.166666666666667,2.8,20319,0,,,
,2010:11:09 19:17:47,España,Madrid y costa Valenciana,,,,http://eol.jsc.nasa.gov/scripts/sseop/QuickView.pl?directory=ESC&ID=ISS025-E-16964,http://eol.jsc.nasa.gov/sseop/images/ESC/small/ISS025/ISS025-E-16964.JPG,Alex,,80.0 mm,D3S,0.1,2.8,20319,0,,,
,2010:11:09 19:19:23,Libia,Trípoli,"33.069,13.164",NNE arriba,Despejado,http://eol.jsc.nasa.gov/scripts/sseop/QuickView.pl?directory=ESC&ID=ISS025-E-16972,http://eol.jsc.nasa.gov/sseop/images/ESC/small/ISS025/ISS025-E-16972.jpg,"Alex, Marian, Guillermo",Bien enfocado,80.0 mm,D3S,0.1,2.8,20319,0,,,
,2010:11:09 20:49:10,España,España,,,,http://eol.jsc.nasa.gov/scripts/sseop/QuickView.pl?directory=ESC&ID=ISS025-E-13698,http://eol.jsc.nasa.gov/sseop/images/ESC/small/ISS025/ISS025-E-13698.jpg,Alex,,17.0 mm,NIKON D3S,0.1,2.8,20319,0,,,
,2010:11:09 20:50:00,Portugal,Lisboa,"39.392, -9.649",noreste arriba,,http://eol.jsc.nasa.gov/scripts/sseop/QuickView.pl?directory=ESC&ID=ISS025-E-13702,http://eol.jsc.nasa.gov/sseop/images/ESC/small/ISS025/ISS025-E-13702.jpg,"Alex, Marian",,55 mm,NIKON D3S,0.1,2.8,20319,0,,,
,2010:11:09 20:50:36,España,,"40.914, -5.669",norte arriba,,http://eol.jsc.nasa.gov/scripts/sseop/QuickView.pl?directory=ESC&ID=ISS025-E-13709,http://eol.jsc.nasa.gov/sseop/images/ESC/small/ISS025/ISS025-E-13709.jpg,"Alex, Marian",,17.0 mm,NIKON D3S,0.1,2.8,20319,,,,
,2010:11:09 20:50:36,España,España,,,,http://eol.jsc.nasa.gov/scripts/sseop/QuickView.pl?directory=ESC&ID=ISS025-E-13709,http://eol.jsc.nasa.gov/sseop/images/ESC/small/ISS025/ISS025-E-13709.JPG,Alex,Muy buena,17.0 mm,NIKON D3S,0.1,2.8,20319,0,,,
,2010:11:30 12:05:12,USA,las vegas,"36.1, -115.1",Nadir: suroeste,,http://eol.jsc.nasa.gov/scripts/sseop/QuickView.pl?directory=ESC&ID=ISS026-E-6238,http://eol.jsc.nasa.gov/sseop/images/ESC/small/ISS026/ISS026-E-6238.JPG,Marian,,180.0 mm,NIKON D3S,0.066666666666667,2.8,12800,1,,,
,2010:12:04 12:14:00,Canada,"Vancouver and Portland, British Columbia, Canada, at night","45.5, -122.5",Nadir: oeste,,http://eol.jsc.nasa.gov/scripts/sseop/QuickView.pl?directory=ESC&ID=ISS026-E-7158,http://eol.jsc.nasa.gov/sseop/images/ESC/small/ISS026/ISS026-E-7158.jpg,Marian,,180.0 mm,NIKON D3S,0.066666666666667,2.8,12800,1,http://twitpic.com/3pmyso,7155- 7162,
,2010:12:08 06:03:58,USA,Miami,"25.9, -80.2",Nadir: suroeste,,http://eol.jsc.nasa.gov/scripts/sseop/photo.pl?mission=ISS026&roll=E&frame=8504,http://eol.jsc.nasa.gov/sseop/images/ESC/small/ISS026/ISS026-E-8504.JPG,Marian,,400.0 mm,NIKON D3S,0.025,2.8,12800,1,,8503 - 8505,
,2010:12:09 20:05:45,Asia,CITIES AT NIGHT,"14.7, 43.6",,,http://eol.jsc.nasa.gov/scripts/sseop/photo.pl?mission=ISS026&roll=E&frame=9108,http://eol.jsc.nasa.gov/sseop/images/ESC/small/ISS026/ISS026-E-9108.JPG,Marian,,180.0 mm,NIKON D3S,0.066666666666667,2.8,12800,1,,,
,2010:12:13 14:02:18,Thailand,"Bangkok, capital of Thailand","13.7, 100.6",Nadir: oeste,,http://eol.jsc.nasa.gov/scripts/sseop/photo.pl?mission=ISS026&roll=E&frame=10071,http://eol.jsc.nasa.gov/sseop/images/ESC/small/ISS026/ISS026-E-10071.JPG,Marian,,180.0 mm,NIKON D3S,0.066666666666667,2.8,12800,1,http://www.flickr.com/photos/magisstra/5425537026/in/photostream/,10132 - 10080 5337-5345,
,2010:12:13 20:14:59,Egypt,Nilo,"29.5, 31.5",Nadir: suroeste,,http://eol.jsc.nasa.gov/scripts/sseop/QuickView.pl?directory=ESC&ID=ISS026-E-10085,http://eol.jsc.nasa.gov/sseop/images/ESC/small/ISS026/ISS026-E-10085.JPG,Marian,,16.0 mm,NIKON D3S,0.066666666666667,2.8,12800,1,http://www.flickr.com/photos/magisstra/5288915552/in/photostream/,10084 - 10108,
,2010:12:18 02:20:38,USA,"MIAMI, CAPE CORAL AT NIGHT","26.1, -80.7",Nadir: este,,http://eol.jsc.nasa.gov/scripts/sseop/photo.pl?mission=ISS026&roll=E&frame=10788,http://eol.jsc.nasa.gov/sseop/images/ESC/small/ISS026/ISS026-E-10788.JPG,Marian,,180.0 mm,NIKON DS3,0.066666666666667,2.8,12800,1,,,
,2010:12:18 02:25:13,USA,"Camden, Philadelphia","39.9, -75.2",,,http://eol.jsc.nasa.gov/scripts/sseop/photo.pl?mission=ISS026&roll=E&frame=10853,http://eol.jsc.nasa.gov/sseop/images/ESC/small/ISS026/ISS026-E-10853.JPG,Marian,,180.0 mm,NIKON DS3,0.066666666666667,2.8,12800,1,,,
,2010:12:18 02:40:08,Suiza,Lago di Ginevra.,"46.4, 6.5",Nadir: Este,,http://eol.jsc.nasa.gov/scripts/sseop/QuickView.pl?directory=ESC&ID=ISS026-E-10948,http://eol.jsc.nasa.gov/sseop/images/ESC/small/ISS026/ISS026-E-10948.JPG,Marian,,180.0 mm,NIKON DS3,0.066666666666667,2.8,12800,1,http://www.flickr.com/photos/magisstra/5322644875/in/photostream/,10947 - 10950,
,2010:12:18 02:41:23,Italy,Padova,"45.4, 11.9",Nadir: noroeste,,http://eol.jsc.nasa.gov/scripts/sseop/photo.pl?mission=ISS026&roll=E&frame=10976,http://eol.jsc.nasa.gov/sseop/images/ESC/small/ISS026/ISS026-E-10976.JPG,"Marian, Guillermo",,180.0 mm,NIKON DS3,0.066666666666667,2.8,12800,1,,10976 - 10979,
,2010:12:18 02:46:33,Egipto,Cairo,"30.0 , 31.3",Nadir: sur,despejado,http://eol.jsc.nasa.gov/scripts/sseop/QuickView.pl?directory=ESC&ID=ISS026-E-11010,http://eol.jsc.nasa.gov/sseop/images/ESC/small/ISS026/ISS026-E-11010.jpg,Marian,,180.0 mm,NIKON D3S,0.066666666666667,2.8,12800,1,http://www.flickr.com/photos/magisstra/5323249692/in/photostream/,11007 - 11031,
,2010:12:18 02:46:48,Egipt,Cairo,"30.0 , 31.3",Nadir: sur,Despejado,http://eol.jsc.nasa.gov/scripts/sseop/QuickView.pl?directory=ESC&ID=ISS026-E-11016,http://eol.jsc.nasa.gov/sseop/images/ESC/small/ISS026/ISS026-E-11016.jpg,Marian,,180.0 mm,NIKON D3S,0.066666666666667,2.8,12800,1,http://m.flickr.com/#/photos/magisstra/5705819571/sizes/m/,,
,2010:12:24 00:26:42,Francia,Paris,"48.857,2.347",,inclinada,http://eol.jsc.nasa.gov/scripts/sseop/QuickView.pl?directory=ESC&ID=ISS026-E-35564,http://eol.jsc.nasa.gov/sseop/images/ESC/small/ISS026/ISS026-E-35564.jpg,Marian,,180.0 mm,NIKON D3S,0.066666666666667,2.8,12800,0,,,
,2010:12:24 00:29:50,Italy,Nápoles,"40.816,14.208",arriba: noroeste,,http://eol.jsc.nasa.gov/scripts/sseop/QuickView.pl?directory=ESC&ID=ISS026-E-35577,http://eol.jsc.nasa.gov/sseop/images/ESC/small/ISS026/ISS026-E-35577.jpg,Marian,,180.0 mm,NIKON D3S,0.066666666666667,2.8,12800,0,,,
,2010:12:24 00:34:56,Egipto,Nilo,,arriba: norte,,http://eol.jsc.nasa.gov/scripts/sseop/QuickView.pl?directory=ESC&ID=ISS026-E-35616,http://eol.jsc.nasa.gov/sseop/images/ESC/small/ISS026/ISS026-E-35616.jpg,Marian,,16.0 mm,NIKON D3S,0.066666666666667,2.8,12800,0,,,
,2010:12:24 00:38:24,Arabia Saudí,Jeddah,"21.412,39.307",norte abajo,Empieza La Meca a la izquierda. Un poco movida,http://eol.jsc.nasa.gov/scripts/sseop/QuickView.pl?directory=ESC&ID=ISS026-E-35648,http://eol.jsc.nasa.gov/sseop/images/ESC/small/ISS026/ISS026-E-35648.jpg,Marian Guillermo,ok,180.0 mm,NIKON D3S,0.066666666666667,2.8,12800,0,,,
,2010:12:24 00:39:03,Arabia Saudí,Meca y Taif?,"21.387,39.787",noreste arriba,,http://eol.jsc.nasa.gov/scripts/sseop/QuickView.pl?directory=ESC&ID=ISS026-E-35650,http://eol.jsc.nasa.gov/sseop/images/ESC/small/ISS026/ISS026-E-35650.jpg,Marian Guillermo,,180.0 mm,NIKON D3S,0.066666666666667,2.8,12800,0,,,
,2010:12:30 07:41:28,Mexico,Acapulco ,"16.726,  -99.963",suroeste arriba,,http://eol.jsc.nasa.gov/scripts/sseop/photo.pl?mission=ISS026&roll=E&frame=13687,http://eol.jsc.nasa.gov/sseop/images/ESC/small/ISS026/ISS026-E-13687.JPG,Alex,,180.0 mm,NIKON D3S,0.066666666666667,2.8,12800,0,,13688,
,2010:12:30 19:36:30,BELGIUM,ANTWERP-BRUSSELS REGION AT NIGHT,"51.0, 4.5",Nadir: oeste,,http://eol.jsc.nasa.gov/scripts/sseop/QuickView.pl?directory=ESC&ID=ISS026-E-13692,,Alex,,62.0 mm,NIKON D3S,0.066666666666667,2.8,12800,1,,13693,
,2010:12:30 19:36:43,Belgica,Belgium Netherlands region at nigth,"51.1, 5.0",Nadir: oeste,,http://eol.jsc.nasa.gov/scripts/sseop/QuickView.pl?directory=ESC&ID=ISS026-E-13695,http://eol.jsc.nasa.gov/sseop/images/ESC/small/ISS026/ISS026-E-13695.JPG,Marian,,32.0 mm,NIKON DS3,0.066666666666667,2.8,12800,1,http://www.flickr.com/photos/magisstra/5308427805/in/photostream/,http://www.flickr.com/photos/39973836@N02/5339504903/,
,2011:01:02 19:19:23,France,Paris,"48.862004,  2.427979",Arriba noroeste,Parcialmente nuboso,http://eol.jsc.nasa.gov/scripts/sseop/photo.pl?mission=ISS026&roll=E&frame=14546&QueryResultsFile=129730069729482.tsv,http://eol.jsc.nasa.gov/sseop/images/ESC/small/ISS026/ISS026-E-14546.JPG,"Alex, Guillermo",Buena,180 mm,D3S,0.066666666666667,2.8,12800,0,,,
,2011:01:02 19:25:49,Chipre,Chipre," 35° 2'17.28""N  33°17'53.29""E",,Despejado,http://eol.jsc.nasa.gov/scripts/sseop/photo.pl?mission=ISS026&roll=E&frame=14590,http://eol.jsc.nasa.gov/sseop/images/ESC/small/ISS026/ISS026-E-14590.JPG,Alex,Buena,180 mm,D3S,0.066666666666667,2.8,12800,0,,,
,2011:01:02 19:25:54,Chipre,Chipre,"35° 2'17.28""N  33°17'53.29""E",,Despejado,http://eol.jsc.nasa.gov/scripts/sseop/QuickView.pl?directory=ESC&ID=ISS026-E-14591,http://eol.jsc.nasa.gov/sseop/images/ESC/small/ISS026/ISS026-E-13692.jpg,Alex,Buena,180 mm,D3S,0.066666666666667,2.8,12800,0,,,
,2011:01:02 19:26:12,Turquía,Ankara,"39.891,32.787",arriba: este,Medio nublado,http://eol.jsc.nasa.gov/scripts/sseop/photo.pl?mission=ISS026&roll=E&frame=14592,http://eol.jsc.nasa.gov/sseop/images/ESC/small/ISS026/ISS026-E-14592.JPG,"Alex, Guillermo",Buena,180 mm,D3S,0.066666666666667,2.8,12800,0,,,
"Lon   =  -325°5'52""     Lat   = +39°19'02""",2011:01:02 19:26:41,Turquía,Ankara,"39.927,32.850",arriba: suresteeste SEE,Medio nublado,http://eol.jsc.nasa.gov/scripts/sseop/photo.pl?mission=ISS026&roll=E&frame=14599,http://eol.jsc.nasa.gov/sseop/images/ESC/small/ISS026/ISS026-E-14599.JPG,"Alex, Guillermo",Buena,180 mm,D3S,0.066666666666667,2.8,12800,0,,,
,2011:01:02 19:27:11,Israel,Israel," 32°19'58.07""N  35° 6'29.25""E",,Despejado,http://eol.jsc.nasa.gov/scripts/sseop/photo.pl?mission=ISS026&roll=E&frame=14600,http://eol.jsc.nasa.gov/sseop/images/ESC/small/ISS026/ISS026-E-14600.JPG,Alex,Buena,180 mm,D3S,0.066666666666667,2.8,12800,0,,,
,2011:01:02 19:27:25,Libano,Beirut," 33°52'45.30""N 35°29'27.25""E",,Despejado,http://eol.jsc.nasa.gov/scripts/sseop/photo.pl?mission=ISS026&roll=E&frame=14603,http://eol.jsc.nasa.gov/sseop/images/ESC/small/ISS026/ISS026-E-14603.JPG,Alex,Genial!!!,180 mm,D3S,0.066666666666667,2.8,12800,0,,,
,2011:01:02 19:28:08,Israel,Jerusalen," 31°40'24.20""N 34°55'28.91""E",,Despejado,http://eol.jsc.nasa.gov/scripts/sseop/photo.pl?mission=ISS026&roll=E&frame=14613,http://eol.jsc.nasa.gov/sseop/images/ESC/small/ISS026/ISS026-E-14613.JPG,Alex,Genial!!!,180 mm,D3S,0.066666666666667,2.8,12800,0,,,
,2011:01:02 19:28:30,Syria,"Latakia, southern Corniche en el centro","35.502,35.778",arriba: este,Despejado,http://eol.jsc.nasa.gov/scripts/sseop/photo.pl?mission=ISS026&roll=E&frame=14614,http://eol.jsc.nasa.gov/sseop/images/ESC/small/ISS026/ISS026-E-14614.JPG,"Alex, Guillermo",OK,180 mm,D3S,0.066666666666667,2.8,12800,0,,,
,2011:01:02 19:29:45,Iraq,Alkubait," 29°17'12.04""N 48° 1'37.13""E",,Despejado,http://eol.jsc.nasa.gov/scripts/sseop/photo.pl?mission=ISS026&roll=E&frame=14621,http://eol.jsc.nasa.gov/sseop/images/ESC/small/ISS026/ISS026-E-14621.JPG,Alex,OK,180 mm,D3S,0.066666666666667,2.8,12800,0,,,
,2011:01:02 19:31:14,,Bahein," 26° 6'43.21""N 50°32'51.76""E",,Despejado,http://eol.jsc.nasa.gov/scripts/sseop/QuickView.pl?directory=ESC&ID=ISS026-E-14637,http://eol.jsc.nasa.gov/sseop/images/ESC/small/ISS026/ISS026-E-14637.JPG,Alex,,180 mm,D3S,0.066666666666667,2.8,12800,0,,,
,2011:01:02 19:31:37,Qatar,Doha," 25°17'30.12""N 51°30'21.27""E",,,http://eol.jsc.nasa.gov/scripts/sseop/QuickView.pl?directory=ESC&ID=ISS026-E-14640,http://eol.jsc.nasa.gov/sseop/images/ESC/small/ISS026/ISS026-E-14640.JPG,Alex,,180 mm,D3S,0.066666666666667,2.8,12800,0,,,
,"2011:01:02 19:32:47
",,Abudabi," 25°27'20.61""N 54° 8'1.30""E",,Despejado,http://eol.jsc.nasa.gov/scripts/sseop/QuickView.pl?directory=ESC&ID=ISS026-E-14647,http://eol.jsc.nasa.gov/sseop/images/ESC/small/ISS026/ISS026-E-14647.jpg,Alex,OK,16mm,D3S,0.066666666666667,2.8,12800,0,,,
,2011:01:03 17:00:30,,"JOHOR BAHARU, SINGAPORE AT NIGHT","  1°28'5.02""N 103°44'29.18""E",Nadir: suroeste,,http://eol.jsc.nasa.gov/scripts/sseop/QuickView.pl?directory=ESC&ID=ISS026-E-14694,http://eol.jsc.nasa.gov/sseop/images/ESC/small/ISS026/ISS026-E-14694.JPG,"Alex, Marian",,180 mm,NIKON D3S,0.066666666666667,2.8,12800,0,,,
,2011:01:03 21:20:47,España,España,"42.0, -6.5",Nadir: suroeste,,http://eol.jsc.nasa.gov/scripts/sseop/QuickView.pl?directory=ESC&ID=ISS026-E-14781,http://eol.jsc.nasa.gov/sseop/images/ESC/small/ISS026/ISS026-E-14781.jpg,Alex,,16.0 mm,NIKON D3S,0.066666666666667,2.8,12800,1,,,
,2011:01:03 21:21:41,España,Cadiz,"36.0, -5.4",Nadir: suroeste,,http://eol.jsc.nasa.gov/scripts/sseop/QuickView.pl?directory=ESC&ID=ISS026-E-14791,http://eol.jsc.nasa.gov/sseop/images/ESC/small/ISS026/ISS026-E-14791.jpg,Marian,,180.0 mm,NIKON D3S,0.066666666666667,2.8,12800,1,http://www.flickr.com/photos/magisstra/5323249140/in/photostream/,14789 - 14795,
,2011:01:03 21:21:45,España,Cadiz,"36.1, -5.4",Nadir: suroeste,,http://eol.jsc.nasa.gov/scripts/sseop/QuickView.pl?directory=ESC&ID=ISS026-E-14795,http://eol.jsc.nasa.gov/sseop/images/ESC/small/ISS026/ISS026-E-14795.JPG,Alex,,180 mm,Nikon D3S,0.066666666666667,2.8,12800,1,http://www.flickr.com/photos/magisstra/5323249140/in/photostream/,14789 - 14794,
,2011:01:03 21:22:00,España,Valencia con nubes,"39.5 , -0.4",Nadir: este,,http://eol.jsc.nasa.gov/scripts/sseop/QuickView.pl?directory=ESC&ID=ISS026-E-14796,http://eol.jsc.nasa.gov/sseop/images/ESC/small/ISS026/ISS026-E-14796.jpg,"Alex, Marian",,180 mm,Nikon D3S,0.066666666666667,2.8,12800,1,,14796 - 14802,
,2011:01:03 21:22:20,España,Ibiza,"39.0, 1.4",Nadir: este,parcialmente nublado,http://eol.jsc.nasa.gov/scripts/sseop/QuickView.pl?directory=ESC&ID=ISS026-E-14803,http://eol.jsc.nasa.gov/sseop/images/ESC/small/ISS026/ISS026-E-14803.jpg,Alex,,180.0 mm,NIKON D3S,0.066666666666667,2.8,12800,1,,,
,2011:01:03 21:23:07,España,Baleares,"40.5, -9.5",Nadir: Noreste,,http://eol.jsc.nasa.gov/scripts/sseop/QuickView.pl?directory=ESC&ID=ISS026-E-14810,http://eol.jsc.nasa.gov/sseop/images/ESC/small/ISS026/ISS026-E-14810.JPG,Alex,,16 mm,NIKON D3S,0.066666666666667,2.8,12800,1,,,
,2011:01:03 21:25:01,Libia,Tripoli,"32.8, 13.1",Nadir: este,parcialmente nublado,http://eol.jsc.nasa.gov/scripts/sseop/photo.pl?mission=ISS026&roll=E&frame=14822,http://eol.jsc.nasa.gov/sseop/images/ESC/small/ISS026/ISS026-E-14822.JPG,Marian,,180.0 mm,NIKON D3S,0.066666666666667,2.8,12800,1,http://www.flickr.com/photos/magisstra/5323249488/in/photostream/,14822 - 14827,
,2011:01:04 20:14:03,Francia,Corcega y cerdeña,"40.0, 8.5",Nadir: sureste,parcialmente nublado,http://eol.jsc.nasa.gov/scripts/sseop/QuickView.pl?directory=ESC&ID=ISS026-E-14994,http://eol.jsc.nasa.gov/sseop/images/ESC/small/ISS026/ISS026-E-14994.jpg,Marian,,16.0 mm,NIKON D3S,0.066666666666667,3.2,12800,1,http://www.flickr.com/photos/magisstra/5326680150/in/photostream/,14990 - 14997,
,2011:01:04 20:14:11,Italia,Cerdeña,"40.02, 9.14",arriba:noroeste,,http://eol.jsc.nasa.gov/scripts/sseop/QuickView.pl?directory=ESC&ID=ISS026-E-14998,http://eol.jsc.nasa.gov/sseop/images/ESC/small/ISS026/ISS026-E-14998.jpg,"Marian,Alex",,16.0mm,D3S,0.066666666666667,3.2,12800,1,http://www.flickr.com/photos/magisstra/5309015088/in/photostream/,,
,2011:01:04 20:15:28,Italia,Sicilia,"37.5, 13.5",Nadir: este,,http://eol.jsc.nasa.gov/scripts/sseop/QuickView.pl?directory=ESC&ID=ISS026-E-15002,http://eol.jsc.nasa.gov/sseop/images/ESC/small/ISS026/ISS026-E-15002.jpg,Marian,,38.0 mm,NIKON D3S,0.066666666666667,3.2,12800,1,http://www.flickr.com/photos/magisstra/5326679948/in/photostream/,15001 - 15003,
,2011:01:04 20:16:33,Malta,Malta and Gozo.,"35.9 , 14.5",Nadir:oeste,,http://eol.jsc.nasa.gov/scripts/sseop/photo.pl?mission=ISS026&roll=E&frame=15011,http://eol.jsc.nasa.gov/sseop/images/ESC/small/ISS026/ISS026-E-15011.JPG,Marian,,180.0 mm,NIKON D3S,0.066666666666667,3.2,12800,1,http://www.flickr.com/photos/magisstra/5326679876/in/photostream/,15005-15014,
,2011:01:04 20:17:22,Libia,Benghazi in Libya,"32.1, 20.1",Nadir: sureste,despejado,http://eol.jsc.nasa.gov/scripts/sseop/QuickView.pl?directory=ESC&ID=ISS026-E-15015,http://eol.jsc.nasa.gov/sseop/images/ESC/small/ISS026/ISS026-E-15015.jpg,Marian,,180.0 mm,NIKON D3S,0.066666666666667,3.2,12800,1,http://www.flickr.com/photos/magisstra/5326072847/in/photostream/,15015 - 15028,
,2011:01:05 22:13:33,España,Tenerife,"28.4, -16.5",Nadir: Suroeste,,http://eol.jsc.nasa.gov/scripts/sseop/QuickView.pl?directory=ESC&ID=ISS026-E-15243,http://eol.jsc.nasa.gov/sseop/images/ESC/small/ISS026/ISS026-E-15243.jpg,Alex,Muy buena,180.0 mm,NIKON D3S,0.066666666666667,3.2,12800,1,,,
,2011:01:05 22:13:41,España,Gran Canaria,"28.0, -15.7",Nadir: Sur,,http://eol.jsc.nasa.gov/scripts/sseop/QuickView.pl?directory=ESC&ID=ISS026-E-15248,http://eol.jsc.nasa.gov/sseop/images/ESC/small/ISS026/ISS026-E-15248.jpg,Alex,Muy buena,180.0 mm,NIKON D3S,0.066666666666667,3.2,12800,1,,,
,2011:01:05 22:15:29,España,Islas Canarias occidentales,"28.3, -16.4",Nadir: Oeste,,http://eol.jsc.nasa.gov/scripts/sseop/QuickView.pl?directory=ESC&ID=ISS026-E-15259,http://eol.jsc.nasa.gov/sseop/images/ESC/small/ISS026/ISS026-E-15259.jpg,Alex,Muy buena,180.0 mm,NIKON D3S,0.066666666666667,3.2,12800,1,,,
,2011:01:05 22:15:29,Libia,Tripoli,"32.84, 13.19",arriba:norte,,http://eol.jsc.nasa.gov/scripts/sseop/QuickView.pl?directory=ESC&ID=ISS025-E-16972,http://eol.jsc.nasa.gov/scripts/sseop/QuickView.pl?directory=ESC&ID=ISS025-E-16972,"Alex, Marian",,80 mm,NIKON D3S,0.1,2.8,20319,0,,,
,2011:01:06 21:05:11,Marruecos,Casablanca,"33.6 , -7.6",Nadir: suroeste,despejado,http://eol.jsc.nasa.gov/sseop/images/ESC/small/ISS026/ISS026-E-15817.JPG,http://eol.jsc.nasa.gov/sseop/images/ESC/small/ISS026/ISS026-E-15810.JPG,Marian,,180.0 mm,NIKON D3S,0.066666666666667,9,12800,1,http://www.flickr.com/photos/magisstra/5315551645/in/photostream/,15809 - 15815,
,2011:01:06 21:05:25,Marruecos,Rabat,"34.0 , -6.8",Nadir: noroeste,despejado,http://eol.jsc.nasa.gov/scripts/sseop/QuickView.pl?directory=ESC&ID=ISS026-E-15817,http://eol.jsc.nasa.gov/sseop/images/ESC/small/ISS026/ISS026-E-15817.JPG,Marian,,180.0 mm,NIKON D3S,0.066666666666667,9,12800,1,http://www.flickr.com/photos/magisstra/5316145754/in/photostream/,15816 - 15819,
,2011:01:08 02:21:08,Brasil,"Brasilia, capital of Brazil","-15.8 , -47.9",Nadir: noroeste,despejado,http://eol.jsc.nasa.gov/scripts/sseop/QuickView.pl?directory=ESC&ID=ISS026-E-16368,http://eol.jsc.nasa.gov/sseop/images/ESC/small/ISS026/ISS026-E-16368.jpg,Marian,,180.0 mm,NIKON D3S,0.066666666666667,2.8,12800,1,http://www.flickr.com/photos/magisstra/5341624051/in/photostream/,16368 - 16374,
,2011:01:08 02:22:50,Brasil,Rio de Janeiro,"-22.9, -43.2",Nadir: Oeste,parcialmente nublado,http://eol.jsc.nasa.gov/scripts/sseop/photo.pl?mission=ISS026&roll=E&frame=16386,http://eol.jsc.nasa.gov/sseop/images/ESC/small/ISS026/ISS026-E-16386.JPG,Marian,,180.0 mm,NIKON D3S,0.066666666666667,2.8,12800,1,http://www.flickr.com/photos/magisstra/5342236692/in/photostream/,16383 - 16391,
,2011:01:09 02:29:23,Mexico,Mexico DF,"19.429,-99.123",,muy movida,http://eol.jsc.nasa.gov/scripts/sseop/QuickView.pl?directory=ESC&ID=ISS026-E-35717,http://eol.jsc.nasa.gov/sseop/images/ESC/small/ISS026/ISS026-E-35717.jpg,"Marian, Guillermo",,180.0 mm,NIKON D3S,0.066666666666667,2.8,12800,0,,,
,2011:01:09 02:32:06,Mexico,Merida,"20.88,-89.75",,,http://eol.jsc.nasa.gov/scripts/sseop/QuickView.pl?directory=ESC&ID=ISS026-E-35726,http://eol.jsc.nasa.gov/sseop/images/ESC/small/ISS026/ISS026-E-35726.jpg,"Marian, Guillermo",regular,180.0 mm,NIKON D3S,0.066666666666667,2.8,12800,0,,,
,2011:01:09 02:32:52,Mexico,"Cancun and the Isla de Mujeres, Mexico","21.1 , -87.0",nadir: norte,despejado,http://eol.jsc.nasa.gov/scripts/sseop/QuickView.pl?directory=ESC&ID=ISS026-E-16444,http://eol.jsc.nasa.gov/sseop/images/ESC/small/ISS026/ISS026-E-16444.jpg,Marian,,180.0 mm,NIKON D3S,0.066666666666667,2.8,12800,1,http://www.flickr.com/photos/magisstra/5342235752/in/photostream/,16444 - 16446,
,2011:01:09 10:04:24,Japon,"Tokyo at Tokyo Bay, Japan","35.5 , 139.7",Nadir: sureste,despejado,http://eol.jsc.nasa.gov/scripts/sseop/QuickView.pl?directory=ESC&ID=ISS026-E-16518,http://eol.jsc.nasa.gov/sseop/images/ESC/small/ISS026/ISS026-E-16518.jpg,Marian,,180.0 mm,NIKON D3S,0.066666666666667,9,12800,1,http://www.flickr.com/photos/magisstra/5339249970/in/photostream/,16508 - 16519,
,2011:01:10 18:05:49,Sardinia,CAGLIARI,"39.1, 9.1",Nadir: norte,,http://eol.jsc.nasa.gov/scripts/sseop/photo.pl?mission=ISS026&roll=E&frame=16814,http://eol.jsc.nasa.gov/sseop/images/ESC/small/ISS026/ISS026-E-16814.JPG,Marian,,180.0 mm,NIKON D3S,0.066666666666667,9,12800,1,,16814 - 16819,
,2011:01:10 18:07:40,Lybia,ZLITAN-ALKHUMS,"32.5, 14.5",Nadir: oeste,,http://eol.jsc.nasa.gov/scripts/sseop/photo.pl?mission=ISS026&roll=E&frame=16847,http://eol.jsc.nasa.gov/sseop/images/ESC/small/ISS026/ISS026-E-16847.JPG,Marian,,180.0 mm,NIKON D3S,0.066666666666667,9,12800,1,,16847 - 16850,
,"2011:01:10 18:07:56
",Lybia,MISRATAH,"32.3, 15.1",Nadir: oeste,,http://eol.jsc.nasa.gov/scripts/sseop/QuickView.pl?directory=ESC&ID=ISS026-E-16855,http://eol.jsc.nasa.gov/sseop/images/ESC/small/ISS026/ISS026-E-16855.jpg,Marian,,180.0 mm,NIKON D3S,0.066666666666667,9,12800,1,,,
,2011:01:10 18:13:41,Sudan,Khartoum,"15.6, 32.5",Nadir: noroeste,despejado,http://eol.jsc.nasa.gov/scripts/sseop/QuickView.pl?directory=ESC&ID=ISS026-E-16858,http://eol.jsc.nasa.gov/sseop/images/ESC/small/ISS026/ISS026-E-16858.jpg,Marian,,180.0 mm,NIKON D3S,0.066666666666667,9,12800,1,http://www.flickr.com/photos/magisstra/5345877750/in/photostream/,16858 - 16870,
,2011:01:11 18:42:41,UGANDA ,"KAMPALA-ENTEBBE AREA AT NIGHT, SOFT","0.2, 32.5",Nadir: Este,,http://eol.jsc.nasa.gov/scripts/sseop/QuickView.pl?directory=ESC&ID=ISS026-E-17163,http://eol.jsc.nasa.gov/sseop/images/ESC/small/ISS026/ISS026-E-17163.jpg,Alex,,180.0 mm,NIKON D3S,0.066666666666667,2.8,12800,1,,17163-17185,
,2011:01:11 18:45:28,Tanzania,DAR ES SALAAM,"-6.9, 39.1",Nadir: noreste,,http://eol.jsc.nasa.gov/scripts/sseop/photo.pl?mission=ISS026&roll=E&frame=17177,http://eol.jsc.nasa.gov/sseop/images/ESC/small/ISS026/ISS026-E-17177.JPG,Marian,,180.0 mm,NIKON D3S,0.066666666666667,2.8,12800,1,,17175 - 17185,
,2011:01:11 20:22:21,Sudáfrica,PRETORIA-JOHANNEBURG-RUSTENBURG REGION AT NIGHT,"-26.0, 28.0",Noroeste arriba,Es la misma que que la 117 pero desde más arriba y con mayor luminosidad,http://eol.jsc.nasa.gov/scripts/sseop/QuickView.pl?directory=ESC&ID=ISS026-E-35803,http://eol.jsc.nasa.gov/sseop/images/ESC/small/ISS026/ISS026-E-35803.jpg,"Marian, Guillermo",,70.0 mm,NIKON D3S,0.066666666666667,2.8,12800,0,,,
,2011:01:11 20:22:27,REPUBLIC SOUTH AFRICA,PRETORIA-JOHANNEBURG-RUSTENBURG REGION AT NIGHT,"-26.0, 28.0",nadir: sureste,He cambiado Sasolburgo por Rustenburgo. Sasolburgo no se ve en la imagen,http://eol.jsc.nasa.gov/scripts/sseop/photo.pl?mission=ISS026&roll=E&frame=17194,http://eol.jsc.nasa.gov/sseop/images/ESC/small/ISS026/ISS026-E-17194.JPG,Marian,,180.0 mm,NIKON D3S,0.066666666666667,2.8,12800,1,,17194-17214,
,2011:01:11 20:22:27,South Africa,Johannesburg e Pretoria,"-26.0, 28.0",Nadir: sureste,,http://eol.jsc.nasa.gov/scripts/sseop/QuickView.pl?directory=ESC&ID=ISS026-E-17194,http://eol.jsc.nasa.gov/sseop/images/ESC/small/ISS026/ISS026-E-17194.jpg,Marian,,45.0 mm,NIKON D3S,0.066666666666667,2.8,12800,1,http://www.flickr.com/photos/magisstra/5348792032/in/photostream/,17194 - 17214,
,2011:01:11 20:23:42,REPUBLIC SOUTH AFRICA,DURBAN AREA AT NIGHT,"-29.8, 31.0",Nadir: sur,,http://eol.jsc.nasa.gov/scripts/sseop/photo.pl?mission=ISS026&roll=E&frame=17215,http://eol.jsc.nasa.gov/sseop/images/ESC/small/ISS026/ISS026-E-17215.jpg,Marian,,180.0 mm,NIKON D3S,0.066666666666667,2.8,12800,1,,17215-17220,
,2011:01:11 20:23:49,South Africa,Pietermaritzburg under clouds,"-29.8, 30.8",Nadir: suroeste,nublado,http://eol.jsc.nasa.gov/scripts/sseop/QuickView.pl?directory=ESC&ID=ISS026-E-17219,http://eol.jsc.nasa.gov/sseop/images/ESC/small/ISS026/ISS026-E-17219.JPG,Marian,,180.0 mm,NIKON D3S,0.066666666666667,2.8,12800,1,http://www.flickr.com/photos/magisstra/5348792094/in/photostream/,17215 - 17222,
,2011:01:15 11:23:12,Australia,Sydney,"-33.8, 150.9",nadir: noroeste,nublado,http://eol.jsc.nasa.gov/scripts/sseop/QuickView.pl?directory=ESC&ID=ISS026-E-18043,http://eol.jsc.nasa.gov/sseop/images/ESC/small/ISS026/ISS026-E-18043.jpg,Marian,,180.0 mm,NIKON D3S,0.066666666666667,2.8,12800,1,http://www.flickr.com/photos/magisstra/5363769552/in/photostream/,18043 - 18048,
,2011:01:15 11:27:35,New Zeland,CHRISTCHURCH,"-43.5, 172.7",Nadir: noreste,,http://eol.jsc.nasa.gov/scripts/sseop/photo.pl?mission=ISS026&roll=E&frame=18052,http://eol.jsc.nasa.gov/sseop/images/ESC/small/ISS026/ISS026-E-18052.JPG,Marian,,180.0 mm,NIKON D3S,0.066666666666667,2.8,12800,1,,18049 - 18056,
,2011:01:15 23:31:57,Brasil,São Paulo,"-23.6, -46.6 ",nadir: noroeste,nublado,http://eol.jsc.nasa.gov/scripts/sseop/QuickView.pl?directory=ESC&ID=ISS026-E-18092,http://eol.jsc.nasa.gov/sseop/images/ESC/small/ISS026/ISS026-E-18092.jpg,Marian,,80.0 mm,NIKON D3S,0.066666666666667,2.8,12800,1,http://www.flickr.com/photos/magisstra/5363157663/in/photostream/,18084 - 18098,
,2011:01:21 23:35:58,Sri Lanka,COLOMBO-NEGOMBO,"7.1, 79.8",Nadir: norte,,http://eol.jsc.nasa.gov/scripts/sseop/photo.pl?mission=ISS026&roll=E&frame=19535,http://eol.jsc.nasa.gov/sseop/images/ESC/small/ISS026/ISS026-E-19535.JPG,Marian,,200.0 mm,NIKON D3S,0.066666666666667,2.8,12800,1,,19532 - 19547,
,2011:01:26 10:28:36,Mexico,MEXICO CITY-PACHUCA-CUERNAVACA,"19.5, -99.0",Nadir: suroeste,,http://eol.jsc.nasa.gov/scripts/sseop/photo.pl?mission=ISS026&roll=E&frame=20604,http://eol.jsc.nasa.gov/sseop/images/ESC/small/ISS026/ISS026-E-20604.JPG,Marian,,80.0 mm,NIKON D3S,0.066666666666667,2.8,12800,1,,,
,2011:02:01 19:08:16,China,"Beijing, China","40.0, 116.5",,,http://eol.jsc.nasa.gov/scripts/sseop/QuickView.pl?directory=ESC&ID=ISS026-E-24039,http://eol.jsc.nasa.gov/sseop/images/ESC/small/ISS026/ISS026-E-24039.JPG,Marian,,80.0 mm,NIKON D3S,0.066666666666667,2.8,12800,1,http://www.flickr.com/photos/magisstra/5409322743/in/photostream/,24039-24048,
,2011:02:01 19:08:34,China,"Tianjin, China","39.0, 117.5",,,http://eol.jsc.nasa.gov/scripts/sseop/photo.pl?mission=ISS026&roll=E&frame=24052,http://eol.jsc.nasa.gov/sseop/images/ESC/small/ISS026/ISS026-E-24052.JPG,Marian,,80.0 mm,NIKON D3S,0.066666666666667,2.8,12800,1,http://www.flickr.com/photos/magisstra/5409323829/in/photostream/,,
,2011:02:01 19:09:04,China,Dalian,"38.9, 121.6",Nadir: sur,,http://eol.jsc.nasa.gov/scripts/sseop/photo.pl?mission=ISS026&roll=E&frame=24056,http://eol.jsc.nasa.gov/sseop/images/ESC/small/ISS026/ISS026-E-24056.JPG,Marian,,145.0 mm,NIKON D3S,0.066666666666667,2.8,12800,1,,,
"Lon   = -259°23'49""     Lat   = +15°10'46""",2011:02:04 17:09:30,Thailand,Bankonk,"13,765, 100,526",,,http://eol.jsc.nasa.gov/scripts/sseop/QuickView.pl?directory=ESC&ID=ISS026-E-34641,http://eol.jsc.nasa.gov/sseop/images/ESC/small/ISS026/ISS026-E-34641.jpg,"Marian,Alex",,200 mm,NIKON D3S,0.066666666666667,2.8,12800,0,,,
"Lon   = -238°24'50""     Lat   = +36°13'30""",2011:02:04 17:17:06,China,Shibei,"36,085, 120,324",,,http://eol.jsc.nasa.gov/scripts/sseop/QuickView.pl?directory=ESC&ID=ISS026-E-34670,http://eol.jsc.nasa.gov/sseop/images/ESC/small/ISS026/ISS026-E-34670.jpg,"Marian,Alex",,200 mm,NIKON D3S,0.066666666666667,2.8,12800,0,,,
,2011:02:05 00:53:53,España,Gibraltar,"36.1471, -5.4033",,,http://eol.jsc.nasa.gov/scripts/sseop/QuickView.pl?directory=ESC&ID=ISS026-E-24717,http://eol.jsc.nasa.gov/sseop/images/ESC/small/ISS026/ISS026-E-24717.JPG,PC101,buena,200.00 mm,NIKON D3S,0.066666666666667,2.8,12800,0,,,
,2011:02:05 00:56:12,Italy,Napoles,"40.993, 14.241",,,http://eol.jsc.nasa.gov/scripts/sseop/photo.pl?mission=ISS026&roll=E&frame=24732,http://eol.jsc.nasa.gov/sseop/images/ESC/small/ISS026/ISS026-E-24732.JPG,Alex,,80.00 mm,NIKON D3S,0.066666666666667,2.8,12800,0,,,
,2011:02:05 00:56:22,Italy,Roma,"41.637, 12.878",,,http://eol.jsc.nasa.gov/scripts/sseop/photo.pl?mission=ISS026&roll=E&frame=24737,http://eol.jsc.nasa.gov/sseop/images/ESC/small/ISS026/ISS026-E-24737.JPG,Alex,,80.00 mm,NIKON D3S,0.066666666666667,2.8,12800,0,http://www.flickr.com/photos/magisstra/5422272349/in/photostream/,,
,2011:02:05 00:56:46,Italy,,"42.57, 12.83",,,http://eol.jsc.nasa.gov/scripts/sseop/photo.pl?mission=ISS026&roll=E&frame=24747,http://eol.jsc.nasa.gov/sseop/images/ESC/small/ISS026/ISS026-E-24747.JPG,Alex,,16.00 mm,NIKON D3S,0.066666666666667,2.8,12800,0,,,
,2011:02:05 00:57:11,Italy,Napoles,"40.993, 14.241",,,http://eol.jsc.nasa.gov/scripts/sseop/photo.pl?mission=ISS026&roll=E&frame=24756,http://eol.jsc.nasa.gov/sseop/images/ESC/small/ISS026/ISS026-E-24756.JPG,Alex,,80.00 mm,NIKON D3S,0.066666666666667,2.8,12800,0,,,
,"2011:02:05 00:57:15
",Italy,,"41.764, 15.721",,,http://eol.jsc.nasa.gov/scripts/sseop/photo.pl?mission=ISS026&roll=E&frame=24759,http://eol.jsc.nasa.gov/sseop/images/ESC/small/ISS026/ISS026-E-24759.JPG,Alex,,80.00 mm,NIKON D3S,0.066666666666667,2.8,12800,0,,,
,2011:02:05 00:57:16,Italy,,"42.109, 14.650",,,http://eol.jsc.nasa.gov/scripts/sseop/photo.pl?mission=ISS026&roll=E&frame=24760,http://eol.jsc.nasa.gov/sseop/images/ESC/small/ISS026/ISS026-E-24760.JPG,Alex,,80.00 mm,NIKON D3S,0.066666666666667,2.8,12800,0,,,
,2011:02:06 01:16:15,España,Gran Canaria,"27.93, -15.61",arriba.suroeste,,http://eol.jsc.nasa.gov/scripts/sseop/QuickView.pl?directory=ESC&ID=ISS026-E-35927,http://eol.jsc.nasa.gov/sseop/images/ESC/small/ISS026/ISS026-E-35927.jpg,Alex,,116.0mm,NIKON D3S,0.066666666666667,2.8,12800,0,,,
,2011:02:06 01:16:37,España,Tenerife,"28.264, -16.59",arriba: noroeste,,http://eol.jsc.nasa.gov/scripts/sseop/QuickView.pl?directory=ESC&ID=ISS026-E-35928,http://eol.jsc.nasa.gov/sseop/images/ESC/small/ISS026/ISS026-E-35928.jpg,Alex,,116.0mm,NIKON D3S,0.066666666666667,2.8,12800,0,,,
,2011:02:06 01:16:51,España,Lanzarote,"28.571, -13.95",arriba:oeste,,http://eol.jsc.nasa.gov/scripts/sseop/QuickView.pl?directory=ESC&ID=ISS026-E-35929,http://eol.jsc.nasa.gov/sseop/images/ESC/small/ISS026/ISS026-E-35929.jpg,Alex,,95.0 mm,NIKON D3S,0.066666666666667,2.8,12800,0,,35930,
,2011:02:06 01:18:07,Marruecos-España,Estrecho Gibraltar,,arriba.noroeste,,http://eol.jsc.nasa.gov/scripts/sseop/QuickView.pl?directory=ESC&ID=ISS026-E-35931,http://eol.jsc.nasa.gov/sseop/images/ESC/small/ISS026/ISS026-E-35931.jpg,Alex,,16.0 mm,NIKON D3S,0.066666666666667,2.8,12800,0,http://www.flickr.com/photos/magisstra/5422276567/in/photostream/,,
,2011:02:06 01:19:55,España,Madrid,"40.41, -3.64",arriba.suroeste,,http://eol.jsc.nasa.gov/scripts/sseop/photo.pl?mission=ISS026&roll=E&frame=35947,http://eol.jsc.nasa.gov/sseop/images/ESC/small/ISS026/ISS026-E-35947.JPG,Alex,Muy buena,86.0 mm,NIKON D3S,0.066666666666667,2.8,12800,0,,35948,
,2011:02:06 01:20:04,España,Madrid,"40.41, -3.64",arriba: sur,,http://eol.jsc.nasa.gov/scripts/sseop/photo.pl?mission=ISS026&roll=E&frame=35953,http://eol.jsc.nasa.gov/sseop/images/ESC/small/ISS026/ISS026-E-35953.JPG,Alex,,200.0 mm,NIKON D3S,0.066666666666667,2.8,12800,0,,,
,2011:02:06 01:20:28,España,Valencia,"39.468, -0.384",arriba: oeste,,http://eol.jsc.nasa.gov/scripts/sseop/QuickView.pl?directory=ESC&ID=ISS026-E-35955,http://eol.jsc.nasa.gov/sseop/images/ESC/small/ISS026/ISS026-E-35955.jpg,Alex,exelente,200.0 mm,NIKON D3S,0.066666666666667,2.8,12800,0,http://www.flickr.com/photos/magisstra/5422882764/in/photostream/#/,35954-35958,
,2011:02:06 01:20:32,España,Valencia,"39.468, -0.384",arriba: oeste,,http://eol.jsc.nasa.gov/scripts/sseop/QuickView.pl?directory=ESC&ID=ISS026-E-35959,http://eol.jsc.nasa.gov/sseop/images/ESC/small/ISS026/ISS026-E-35959.jpg,Alex,,86.0 mm,NIKON D3S,0.066666666666667,2.8,12800,0,,35959-35961,
,2011:02:06 01:20:50,España,Barcelona,"41.386, 2.112",arriba:sureste,,http://eol.jsc.nasa.gov/scripts/sseop/QuickView.pl?directory=ESC&ID=ISS026-E-35962,http://eol.jsc.nasa.gov/sseop/images/ESC/small/ISS026/ISS026-E-35962.jpg,Alex,excelente,200.0 mm,NIKON D3S,0.066666666666667,2.8,12800,,http://www.flickr.com/photos/magisstra/5422275437/in/photostream/,35962-35965,
,2011:02:06 01:21:03,España,Barcelona,"41,97, 2,86",arriba:sureste,,http://eol.jsc.nasa.gov/scripts/sseop/QuickView.pl?directory=ESC&ID=ISS026-E-35968,http://eol.jsc.nasa.gov/sseop/images/ESC/small/ISS026/ISS026-E-35968.jpg,Alex,un poco movidas,86.0 mm,NIKON D3S,0.066666666666667,2.8,12800,0,,,
,2011:02:07 00:13:46,Italia,Napoli,"40.9, 14.4",Nadir: Este,,http://eol.jsc.nasa.gov/scripts/sseop/photo.pl?mission=ISS026&roll=E&frame=24978,http://eol.jsc.nasa.gov/sseop/images/ESC/small/ISS026/ISS026-E-24978.JPG,Marian,,200.0 mm,NIKON D3S,0.066666666666667,4,12800,1,http://www.flickr.com/photos/magisstra/5428851354/in/photostream/,24978 - 24983,
,2011:02:10 22:45:46,España,Murcia,"38.052,-0.662",este arriba,despejado,http://eol.jsc.nasa.gov/scripts/sseop/photo.pl?mission=ISS026&roll=E&frame=25945,http://eol.jsc.nasa.gov/sseop/images/ESC/small/ISS026/ISS026-E-25945.JPG,Marian,,80.00 mm,NIKON D3S,0.066666666666667,4,12800,0,,,
,2011:02:10 22:46:33,España,Barcelona,"41.390, 2.170",este arriba,,http://eol.jsc.nasa.gov/scripts/sseop/photo.pl?mission=ISS026&roll=E&frame=25949,http://eol.jsc.nasa.gov/sseop/images/ESC/small/ISS026/ISS026-E-25949.JPG,PC101,,200.0 mm,NIKON D3S,0.066666666666667,4,12800,0,http://www.flickr.com/photos/magisstra/5435315791/,,
,2011:02:10 22:48:00,Italy,Roma,"41.891,12.493",suroeste arriba,,http://eol.jsc.nasa.gov/scripts/sseop/photo.pl?mission=ISS026&roll=E&frame=25979,http://eol.jsc.nasa.gov/sseop/images/ESC/small/ISS026/ISS026-E-25979.JPG,PC101,,200.0 mm,NIKON D3S,0.066666666666667,4,12800,0,http://www.flickr.com/photos/magisstra/5435315863/in/photostream/,,
,2011:02:11 21:40:17,Italy,Lecce,"40.5 , 18.1",Nadir: oeste,despejado,http://eol.jsc.nasa.gov/scripts/sseop/photo.pl?mission=ISS026&roll=E&frame=26437,http://eol.jsc.nasa.gov/sseop/images/ESC/small/ISS026/ISS026-E-26437.JPG,Marian,,200.0 mm,NIKON D3S,0.066666666666667,4,12800,1,http://www.flickr.com/photos/magisstra/5323249630/in/photostream/,26436 - 26441,
,2011:02:11 21:41:03,Grecia,THESSALONIKA AT NIGHT,"40.6, 23.1",Nadir: suroeste,,http://eol.jsc.nasa.gov/scripts/sseop/QuickView.pl?directory=ESC&ID=ISS026-E-26448,http://eol.jsc.nasa.gov/sseop/images/ESC/small/ISS026/ISS026-E-26448.jpg,Marian,,200.0 mm,NIKON DS3,0.066666666666667,4,12800,1,,,
,2011:02:11 21:41:18,Bulgaria,Sofia,"42.7, 23.4",Nadir: oeste,,http://eol.jsc.nasa.gov/scripts/sseop/photo.pl?mission=ISS026&roll=E&frame=26450,http://eol.jsc.nasa.gov/sseop/images/ESC/small/ISS026/ISS026-E-26450.JPG,Marian,,200.0 mm,NIKON DS3,0.066666666666667,4,12800,1,,26450 - 26458,
,2011:02:11 21:42:01,Turquía,Estambul,"41.2, 28.9",Nadir: sur,,http://eol.jsc.nasa.gov/scripts/sseop/photo.pl?mission=ISS026&roll=E&frame=26459,http://eol.jsc.nasa.gov/sseop/images/ESC/small/ISS026/ISS026-E-26459.JPG,Marian,,200.0 mm,NIKON DS3,0.066666666666667,4,12800,1,, 26459 - 26463,
,2011:02:11 21:42:22,Romania, BUCHAREST,"44.4, 26.2",Nadir: oeste,,http://eol.jsc.nasa.gov/scripts/sseop/photo.pl?mission=ISS026&roll=E&frame=26465,http://eol.jsc.nasa.gov/sseop/images/ESC/small/ISS026/ISS026-E-26465.JPG,Marian,,200.0 mm,NIKON DS3,0.066666666666667,4,12800,1,,26464 - 26468,
,2011:02:11 23:10:40,Portugal,Lisboa,"38.7, -9.1",,,http://eol.jsc.nasa.gov/scripts/sseop/QuickView.pl?directory=ESC&ID=ISS026-E-26473,http://eol.jsc.nasa.gov/sseop/images/ESC/small/ISS026/ISS026-E-26473.jpg,Marian,,200.0 mm,NIKON D3S,0.066666666666667,4,12800,0,http://www.flickr.com/photos/magisstra/5312819739/in/photostream/,26473-26479,
,2011:02:11 23:11:10,Spain,Sevilla,"37.388,-6.015",norte arriba,,http://eol.jsc.nasa.gov/scripts/sseop/QuickView.pl?directory=ESC&ID=ISS026-E-26480,http://eol.jsc.nasa.gov/scripts/sseop/QuickView.pl?directory=ESC&ID=ISS026-E-26480,Alex,,80 mm,NIKON D3S,0.066666666666667,4,12800,0,http://www.flickr.com/photos/magisstra/5446476218/in/photostream/,26481,
,2011:02:11 23:11:15,Spain,Sevilla,"37.388,-6.015",norte arriba,,http://eol.jsc.nasa.gov/scripts/sseop/photo.pl?mission=ISS026&roll=E&frame=26482,http://eol.jsc.nasa.gov/sseop/images/ESC/small/ISS026/ISS026-E-26482.JPG,Alex,,200 mm,NIKON D3S,0.066666666666667,4,12800,0,,,
,2011:02:11 23:11:31,España,Madrid,"40.4 , -3.6",Nadir: sureste,,http://eol.jsc.nasa.gov/scripts/sseop/QuickView.pl?directory=ESC&ID=ISS026-E-26484,http://eol.jsc.nasa.gov/sseop/images/ESC/small/ISS026/ISS026-E-26484.JPG,Marian,,200 mm,NIKON D3S,0.066666666666667,4,12800,1,http://www.flickr.com/photos/magisstra/5422278825/in/photostream/,26484 - 26495,
,2011:02:11 23:11:50,Spain,Madrid,"40.4, -3.7",Nadir: suroeste,"Despejado, alto detalle",http://eol.jsc.nasa.gov/scripts/sseop/QuickView.pl?directory=ESC&ID=ISS026-E-26493,http://eol.jsc.nasa.gov/sseop/images/ESC/small/ISS026/ISS026-E-26493.JPG,Alex,10,200 mm,NIKON D3S,0.066666666666667,4,12800,1,http://www.flickr.com/photos/magisstra/5445874619/in/photostream/, 26484 - 26495,43
,2011:02:11 23:12:33,Spain,Zaragoza,"41.7, -0.8",Nadir: suroeste,,http://eol.jsc.nasa.gov/scripts/sseop/QuickView.pl?directory=ESC&ID=ISS026-E-26497,http://eol.jsc.nasa.gov/sseop/images/ESC/small/ISS026/ISS026-E-26497.jpg,Alex,10,200 mm,NIKON D3S,0.066666666666667,4,12800,1,http://www.flickr.com/photos/magisstra/5446476460/in/photostream/,26496 - 26498,46
,2011:02:11 23:13:00,France,BORDEAUX AT NIGHT,"44.8 , -0.6",Nadir: Oeste,Despejado,http://eol.jsc.nasa.gov/scripts/sseop/photo.pl?mission=ISS026&roll=E&frame=26499,http://eol.jsc.nasa.gov/sseop/images/ESC/small/ISS026/ISS026-E-26499.JPG,"Alex, Marian",,200 mm,NIKON D3S,0.066666666666667,4,12800,1,,26499 - 	26501,55
,2011:02:11 23:13:13,France,TOULOUSE AT NIGHT,"43.6, 1.3",Nadir: Oeste,Despejado,http://eol.jsc.nasa.gov/scripts/sseop/photo.pl?mission=ISS026&roll=E&frame=26502,http://eol.jsc.nasa.gov/sseop/images/ESC/small/ISS026/ISS026-E-26502.JPG,"Alex, Marian",,200 mm,NIKON D3S,0.066666666666667,4,12800,1,,26502 - 	26505,51
,2011:02:11 23:13:39,France ,Lyon to geneva,"46.0, 5.0",Nadir: Oeste,Despejado,http://eol.jsc.nasa.gov/scripts/sseop/photo.pl?mission=ISS026&roll=E&frame=26506,http://eol.jsc.nasa.gov/sseop/images/ESC/small/ISS026/ISS026-E-26506.JPG,Alex,,80 mm,NIKON D3S,0.066666666666667,4,12800,1,,26506 - 26508,30
,2011:02:11 23:13:51,France,Lyon to geneva,"45.8, 4.9",Nadir: Oeste,Despejado,http://eol.jsc.nasa.gov/scripts/sseop/photo.pl?mission=ISS026&roll=E&frame=26512,http://eol.jsc.nasa.gov/sseop/images/ESC/small/ISS026/ISS026-E-26512.JPG,Alex,,200 mm,NIKON D3S,0.066666666666667,4,12800,1,,26509 - 	26514,43
,2011:02:11 23:14:07,ITALY,TORINO AT NIGHT,"45.1, 7.7",Nadir: suroeste,,http://eol.jsc.nasa.gov/scripts/sseop/photo.pl?mission=ISS026&roll=E&frame=26515,http://eol.jsc.nasa.gov/sseop/images/ESC/small/ISS026/ISS026-E-26515.jpg,Alex,,200 mm,NIKON D3S,0.066666666666667,4,12800,1,,,33
,2011:02:11 23:14:11,France,GRENOBLE AT NIGHT,"45.3, 5.8",Nadir: Oeste,,http://eol.jsc.nasa.gov/scripts/sseop/photo.pl?mission=ISS026&roll=E&frame=26516,http://eol.jsc.nasa.gov/sseop/images/ESC/small/ISS026/ISS026-E-26516.JPG,Alex,,200 mm,NIKON D3S,0.066666666666667,4,12800,1,,,51
,2011:02:11 23:14:16,France,"GENEVA, LAKE GENEVA AT NIGHT","46.4, 6.5",Nadir: Oeste,,http://eol.jsc.nasa.gov/scripts/sseop/photo.pl?mission=ISS026&roll=E&frame=26517,http://eol.jsc.nasa.gov/sseop/images/ESC/small/ISS026/ISS026-E-26517.JPG,Alex,,200 mm,NIKON D3S,0.066666666666667,4,12800,1,,,47
,2011:02:11 23:14:27,ITALY,TORINO AT NIGHT,"45.1, 7.7",Nadir: suroeste,,http://eol.jsc.nasa.gov/scripts/sseop/photo.pl?mission=ISS026&roll=E&frame=26519,http://eol.jsc.nasa.gov/sseop/images/ESC/small/ISS026/ISS026-E-26519.JPG,Alex,,200 mm,NIKON D3S,0.066666666666667,4,12800,1,,	26519 - 26520,49
,2011:02:11 23:14:40,ITALY,MILAN AT NIGHT,"45.6, 9.1",Nadir: suroeste,,http://eol.jsc.nasa.gov/scripts/sseop/photo.pl?mission=ISS026&roll=E&frame=26525,http://eol.jsc.nasa.gov/sseop/images/ESC/small/ISS026/ISS026-E-26525.JPG,Alex,,200 mm,NIKON D3S,0.066666666666667,4,12800,1,,26521 - 	26525,47
,2011:02:11 23:14:46,ITALY,MILAN AT NIGHT,"45.6, 9.2",Nadir: suroeste,,http://eol.jsc.nasa.gov/scripts/sseop/QuickView.pl?directory=ESC&ID=ISS026-E-26526,http://eol.jsc.nasa.gov/sseop/images/ESC/small/ISS026/ISS026-E-26526.JPG,Alex,,200 mm,NIKON D3S,0.066666666666667,4,12800,1,,26526 - 26528,51
,2011:02:11 23:15:02,ITALY,SALO AT NIGHT,"45.7, 10.7",Nadir: suroeste,,http://eol.jsc.nasa.gov/scripts/sseop/photo.pl?mission=ISS026&roll=E&frame=26529,http://eol.jsc.nasa.gov/sseop/images/ESC/small/ISS026/ISS026-E-26529.JPG,"Alex, Marian",,200 mm,NIKON D3S,0.066666666666667,4,12800,1,,26529 - 	26530,52
,2011:02:11 23:15:09,ITALY,"VERONA, L. GARDA AT NIGHT","45.6, 10.9",Nadir: suroeste,,http://eol.jsc.nasa.gov/scripts/sseop/photo.pl?mission=ISS026&roll=E&frame=26531,http://eol.jsc.nasa.gov/sseop/images/ESC/small/ISS026/ISS026-E-26531.jpg,"Alex, Marian",,200 mm,NIKON D3S,0.066666666666667,4,12800,1,,26531  - 	26533,54
,2011:02:11 23:15:09,Italy,"Lago di Garda, Verona","45.6 ,10.9",Nadir: suroeste,despejado,http://eol.jsc.nasa.gov/scripts/sseop/QuickView.pl?directory=ESC&ID=ISS026-E-26531,http://eol.jsc.nasa.gov/sseop/images/ESC/small/ISS026/ISS026-E-26531.JPG,Marian,,200.0 mm,NIKON D3S,0.066666666666667,4,12800,1,http://www.flickr.com/photos/magisstra/5322644989/in/photostream/#/,26531 - 26533,
,2011:02:11 23:21:26,Rusia,"SARATOV, ENGELS AT NIGHT","51.5, 46.1",Nadir: oeste,,http://eol.jsc.nasa.gov/scripts/sseop/photo.pl?mission=ISS026&roll=E&frame=26536,http://eol.jsc.nasa.gov/sseop/images/ESC/small/ISS026/ISS026-E-26536.JPG,"Alex, Marian",,200 mm,NIKON D3S,0.066666666666667,4,12800,1,,26534 - 	26537,53
,2011:02:11 23:21:51,Rusia,TOLYATTI TO SAMARA AT NIGHT,"53.4, 49.9",Nadir: noroeste,,http://eol.jsc.nasa.gov/scripts/sseop/photo.pl?mission=ISS026&roll=E&frame=26539,http://eol.jsc.nasa.gov/sseop/images/ESC/small/ISS026/ISS026-E-26539.JPG,"Alex, Marian",,125.0 mm,NIKON D3S,0.066666666666667,4,12800,1,,26538,54
,2011:02:11 23:21:59,Rusia,SAMARA AT NIGHT,"53.1, 50.3",Nadir: noroeste,,http://eol.jsc.nasa.gov/scripts/sseop/photo.pl?mission=ISS026&roll=E&frame=26540,http://eol.jsc.nasa.gov/sseop/images/ESC/small/ISS026/ISS026-E-26540.JPG,"Alex, Marian",,200 mm,NIKON D3S,0.066666666666667,4,12800,1,,26540 - 	26542,
,2011:02:11 23:22:34,Rusia,,,,,http://eol.jsc.nasa.gov/scripts/sseop/photo.pl?mission=ISS026&roll=E&frame=26543,http://eol.jsc.nasa.gov/sseop/images/ESC/small/ISS026/ISS026-E-26543.JPG,Alex,,200 mm,NIKON D3S,0.066666666666667,4,12800,,,,
,2011:02:12 10:06:10,USA-ILINOIS,CHICAGO AT NIGHT,"41.6, -87.4",Nadir: sureste,,http://eol.jsc.nasa.gov/scripts/sseop/QuickView.pl?directory=ESC&ID=ISS026-E-26545,http://eol.jsc.nasa.gov/sseop/images/ESC/small/ISS026/ISS026-E-26545.jpg,Alex,,200 mm,NIKON D3S,0.066666666666667,2.8,12800,1,,26545 - 	26548,
,2011:02:12 10:07:33,USA-ILINOIS,CHICAGO AT NIGHT,"41.8, -87.7",Nadir: Suroeste,,http://eol.jsc.nasa.gov/scripts/sseop/photo.pl?mission=ISS026&roll=E&frame=26553,http://eol.jsc.nasa.gov/sseop/images/ESC/small/ISS026/ISS026-E-26553.JPG,Alex,,200 mm,NIKON D3S,0.066666666666667,2.8,12800,1,,26549 - 	26553,
,2011:02:12 10:09:59,USA-NEW YORK,NEW YORK CITY AT NIGHT,"40.6, -74.0",Nadir: Este,,http://eol.jsc.nasa.gov/scripts/sseop/photo.pl?mission=ISS026&roll=E&frame=26567,http://eol.jsc.nasa.gov/sseop/images/ESC/small/ISS026/ISS026-E-26567.JPG,Alex,desenfocada,200 mm,NIKON D3S,0.066666666666667,2.8,12800,1,,26564 - 	26567,
,2011:02:12 10:10:08,USA-NEW JERSEY,TRENTON TO NEW YORK CITY AT NIGHT,"40.5, -74.0",Nadir: Noreste,,http://eol.jsc.nasa.gov/scripts/sseop/photo.pl?mission=ISS026&roll=E&frame=26568,http://eol.jsc.nasa.gov/sseop/images/ESC/small/ISS026/ISS026-E-26568.JPG,Alex,,80 mm,NIKON D3S,0.066666666666667,2.8,12800,1,,26568 - 26569,
,2011:02:12 10:10:22,USA-NEW JERSEY,ATLANTIC CITY AT NIGHT,"39.3, -74.4",Nadir: Oeste,,http://eol.jsc.nasa.gov/scripts/sseop/QuickView.pl?directory=ESC&ID=ISS026-E-26570,http://eol.jsc.nasa.gov/sseop/images/ESC/small/ISS026/ISS026-E-26570.JPG,Alex,,200 mm,NIKON D3S,0.066666666666667,2.8,12800,1,,,
,2011:02:12 10:10:26,USA-NEW JERSEY,"PHILADELPHIA, CAMDEN AT NIGHT ","39.9, -75.0",Nadir: noroeste,,http://eol.jsc.nasa.gov/scripts/sseop/photo.pl?mission=ISS026&roll=E&frame=26571,http://eol.jsc.nasa.gov/sseop/images/ESC/small/ISS026/ISS026-E-26571.JPG,Alex,,200 mm,NIKON D3S,0.066666666666667,2.8,12800,1,,,
,2011:02:12 10:10:34,USA-NEW YORK,NEW YORK CITY AT NIGHT,"40.6, -74.0",nadir: norte,,http://eol.jsc.nasa.gov/scripts/sseop/QuickView.pl?directory=ESC&ID=ISS026-E-26572,http://eol.jsc.nasa.gov/sseop/images/ESC/small/ISS026/ISS026-E-26572.jpg,"Alex, Marian",,200 mm,NIKON D3S,0.066666666666667,2.8,12800,1,,,36
,2011:02:12 12:53:02,JAPAN,TOKYO BAY AREA AT NIGHT,"34.8 , 137.7",Nadir: Este,,http://eol.jsc.nasa.gov/scripts/sseop/photo.pl?mission=ISS026&roll=E&frame=26582,http://eol.jsc.nasa.gov/sseop/images/ESC/small/ISS026/ISS026-E-26582.JPG,"Alex, Marian",,80 mm,NIKON D3S,0.066666666666667,2.8,12800,1,,	26574 - 	26581,44
,"2011:02:13 20:54:09
",,," 31°36'27.44""N,   6° 4'8.80""E",,,http://eol.jsc.nasa.gov/scripts/sseop/photo.pl?mission=ISS026&roll=E&frame=26921,http://eol.jsc.nasa.gov/sseop/images/ESC/small/ISS026/ISS026-E-26921.JPG,Alex,,200 mm,NIKON D3S,0.066666666666667,4,12800,0,,	26915 - 26921,
,2011:02:13 20:55:11,Tunez,TUNIS AT NIGHT,"36.8, 10.3",nadir: norte,,http://eol.jsc.nasa.gov/scripts/sseop/QuickView.pl?directory=ESC&ID=ISS026-E-26922,http://eol.jsc.nasa.gov/sseop/images/ESC/small/ISS026/ISS026-E-26922.jpg,Alex,,200 mm,NIKON D3S,0.066666666666667,4,12800,1,,	26922 - 26924,27
,2011:02:13 20:55:25,Tunez,TUNIS AT NIGHT,"36.8, 10.3",nadir: norte,despejado,http://eol.jsc.nasa.gov/scripts/sseop/photo.pl?mission=ISS026&roll=E&frame=26925,http://eol.jsc.nasa.gov/sseop/images/ESC/small/ISS026/ISS026-E-26925.JPG,Alex,,200 mm,NIKON D3S,0.066666666666667,4,12800,1,,26925 - 	26927,16
,2011:02:13 20:55:36,Tunez,AL MUNASTIR TO SOUSSE AT NIGHT,"35.9, 10.7",Nadir: suroeste,,http://eol.jsc.nasa.gov/scripts/sseop/photo.pl?mission=ISS026&roll=E&frame=26928,http://eol.jsc.nasa.gov/sseop/images/ESC/small/ISS026/ISS026-E-26928.JPG,Alex,,200 mm,NIKON D3S,0.066666666666667,4,12800,1,,26928 - 	26929,
,2011:02:13 20:55:39,Tunez,SOUSSE TO NABEUL,"36.0, 11.0",Nadir: Suroeste,,http://eol.jsc.nasa.gov/scripts/sseop/photo.pl?mission=ISS026&roll=E&frame=26930,http://eol.jsc.nasa.gov/sseop/images/ESC/small/ISS026/ISS026-E-26930.JPG,Alex,,200 mm,NIKON D3S,0.066666666666667,4,12800,1,,,12
,2011:02:13 20:55:41,Tunez,AL MUNASTIR TO SOUSSE AT NIGHT,"35.8, 10.6",Nadir: Suroeste,,http://eol.jsc.nasa.gov/scripts/sseop/QuickView.pl?directory=ESC&ID=ISS026-E-26931,http://eol.jsc.nasa.gov/sseop/images/ESC/small/ISS026/ISS026-E-26931.jpg,Alex,,200 mm,NIKON D3S,0.066666666666667,4,12800,1,,,
,2011:02:13 20:55:54,SICILY,PANTELLERIA ISLAND AT NIGHT,"36.7, 12.0",Nadir: suroeste,,http://eol.jsc.nasa.gov/scripts/sseop/photo.pl?mission=ISS026&roll=E&frame=26935,http://eol.jsc.nasa.gov/sseop/images/ESC/small/ISS026/ISS026-E-26935.JPG,"Alex, Marian",,200 mm,NIKON D3S,0.066666666666667,4,12800,1,,,
,2011:02:13 20:56:01,SICILY,PALERMO AT NIGHT,"38.0, 13.4",Nadir: noroeste,,http://eol.jsc.nasa.gov/scripts/sseop/photo.pl?mission=ISS026&roll=E&frame=26937,http://eol.jsc.nasa.gov/sseop/images/ESC/small/ISS026/ISS026-E-26937.JPG,"Alex, Marian",,200 mm,NIKON D3S,0.066666666666667,4,12800,1,,26937 - 	26939 	26946 - 	26952,
,2011:02:13 20:56:07,SICILY,PALERMO AT NIGHT,"38.0, 13.0",Nadir: norte,,http://eol.jsc.nasa.gov/scripts/sseop/photo.pl?mission=ISS026&roll=E&frame=26940,http://eol.jsc.nasa.gov/sseop/images/ESC/small/ISS026/ISS026-E-26940.JPG,"Alex, Marian",,80 mm,NIKON D3S,0.066666666666667,4,12800,1,,	26940 - 	26945,
,2011:02:13 20:56:35,SICILY,CATANIA AT NIGHT,"38.8, 14.8",Nadir: sur,,http://eol.jsc.nasa.gov/scripts/sseop/photo.pl?mission=ISS026&roll=E&frame=26953,http://eol.jsc.nasa.gov/sseop/images/ESC/small/ISS026/ISS026-E-26953.JPG,"Alex, Marian",,200 mm,NIKON D3S,0.066666666666667,4,12800,1,,	26953 - 	26961,
,2011:02:13 20:56:57,ITALY,STRAIT OF MESSINA AT NIGHT,"39.6 , 16.1",Nadir: sur,,http://eol.jsc.nasa.gov/scripts/sseop/QuickView.pl?directory=ESC&ID=ISS026-E-26962,http://eol.jsc.nasa.gov/sseop/images/ESC/small/ISS026/ISS026-E-26962.jpg,"Alex, Marian",,200 mm,NIKON D3S,0.066666666666667,4,12800,1,,	26962 - 26964,28
,2011:02:13 20:57:10,ITALY,NAPLES TO ROME AT NIGHT,"40.1 , 17.0",Nadir: oeste,,http://eol.jsc.nasa.gov/scripts/sseop/QuickView.pl?directory=ESC&ID=ISS026-E-26965,http://eol.jsc.nasa.gov/sseop/images/ESC/small/ISS026/ISS026-E-26965.jpg,Alex,,80 mm,NIKON D3S,0.066666666666667,4,12800,1,,	26965 - 	26967,
,2011:02:13 20:57:19,ITALY,"PESCARA AT NIGHT, COAST","40.5 , 17.6",Nadir: noroeste,,http://eol.jsc.nasa.gov/scripts/sseop/photo.pl?mission=ISS026&roll=E&frame=26968,http://eol.jsc.nasa.gov/sseop/images/ESC/small/ISS026/ISS026-E-26968.JPG,Alex,,80 mm,NIKON D3S,0.066666666666667,4,12800,1,,	26968 - 	26970,
,2011:02:13 20:57:36,ITALY,BARI AT NIGHT,"41.4 , 16.9",Nadir: Oeste,,http://eol.jsc.nasa.gov/scripts/sseop/QuickView.pl?directory=ESC&ID=ISS026-E-26971,http://eol.jsc.nasa.gov/sseop/images/ESC/small/ISS026/ISS026-E-26971.jpg,Alex,,200 mm,NIKON D3S,0.066666666666667,4,12800,1,,,
,2011:02:14 09:26:16,USA,Detroit,"42.480,        -83.112",arriba: norte,buena en el centro de la imagen,http://eol.jsc.nasa.gov/scripts/sseop/QuickView.pl?directory=ESC&ID=ISS026-E-27016,http://eol.jsc.nasa.gov/sseop/images/ESC/small/ISS026/ISS026-E-27016.jpg,"Marian, Guillermo",Buena,80 mm,NIKON D3S,0.066666666666667,4,12800,0,,,
,2011:02:14 09:26:22,USA,"Cleveland, Ohio","41.667, -81.873",norte arriba,,http://eol.jsc.nasa.gov/scripts/sseop/photo.pl?mission=ISS026&roll=E&frame=27017,http://eol.jsc.nasa.gov/sseop/images/ESC/small/ISS026/ISS026-E-27017.JPG,"Alex, Marian",,80 mm,NIKON D3S,0.066666666666667,4,12800,0,,,
,2011:02:14 09:27:37,USA,Baltimore,"39.292,-76.625",norte arriba,,http://eol.jsc.nasa.gov/scripts/sseop/photo.pl?mission=ISS026&roll=E&frame=27030,http://eol.jsc.nasa.gov/sseop/images/ESC/small/ISS026/ISS026-E-27030.JPG,"Alex, Marian",,200 mm,NIKON D3S,0.066666666666667,4,12800,0,,,
,2011:02:14 09:27:53,USA,"Chesapeake, Virginia","36.867, -76.275",norte arriba,,http://eol.jsc.nasa.gov/scripts/sseop/photo.pl?mission=ISS026&roll=E&frame=27034,http://eol.jsc.nasa.gov/sseop/images/ESC/small/ISS026/ISS026-E-27034.JPG,"Alex, Marian",,200 mm,NIKON D3S,0.066666666666667,4,12800,0,,,
,2011:02:14 09:28:30,USA,"Atlantic City, Nueva Jersey","39.347, -74.317",sureste arriba,,http://eol.jsc.nasa.gov/scripts/sseop/photo.pl?mission=ISS026&roll=E&frame=27038,http://eol.jsc.nasa.gov/sseop/images/ESC/small/ISS026/ISS026-E-27038.JPG,"Alex, Marian",,200 mm,NIKON D3S,0.066666666666667,4,12800,0,,,
,2011:02:14 09:28:45,USA,"Atlantic City, Nueva Jersey","39.365,-74.423",sureste arriba,,http://eol.jsc.nasa.gov/scripts/sseop/photo.pl?mission=ISS026&roll=E&frame=27041,http://eol.jsc.nasa.gov/sseop/images/ESC/small/ISS026/ISS026-E-27041.jpg,Alex,,80 mm,NIKON D3S,0.066666666666667,4,12800,0,,,
,2011:02:14 22:58:00,France,Paris,"48.860, 2.326",,,http://eol.jsc.nasa.gov/scripts/sseop/photo.pl?mission=ISS026&roll=E&frame=27043,http://eol.jsc.nasa.gov/sseop/images/ESC/small/ISS026/ISS026-E-27043.JPG,Alex,,200 mm,NIKON D3S,0.066666666666667,4,12800,0,,,
,2011:02:14 22:58:10,France,Paris,"48.846, 2.342",,,http://eol.jsc.nasa.gov/scripts/sseop/photo.pl?mission=ISS026&roll=E&frame=27045,http://eol.jsc.nasa.gov/sseop/images/ESC/small/ISS026/ISS026-E-27045.JPG,"Alex, Marian",,80 mm,NIKON D3S,0.066666666666667,4,12800,0,,	27043 - 	27049,
,2011:02:14 23:00:47,Polonia,Breslavia,"51.114, 17.034",norte arriba,,http://eol.jsc.nasa.gov/scripts/sseop/photo.pl?mission=ISS026&roll=E&frame=27062,http://eol.jsc.nasa.gov/sseop/images/ESC/small/ISS026/ISS026-E-27062.JPG,"Alex, Marian",,200 mm,NIKON D3S,0.066666666666667,4,12800,0,,	27062 - 	27070,
,2011:02:15 21:49:57,Alemania,Munich,"48.140, 11.580",sur arriba,,http://eol.jsc.nasa.gov/scripts/sseop/photo.pl?mission=ISS026&roll=E&frame=27167,http://eol.jsc.nasa.gov/sseop/images/ESC/small/ISS026/ISS026-E-27167.JPG,"Alex, Marian",,200 mm,NIKON D3S,0.066666666666667,2.8,12800,0,,,
,2011:02:18 23:23:59,India,"Bombay, Maharastra","18.971, 72.935",este arriba,,http://eol.jsc.nasa.gov/scripts/sseop/photo.pl?mission=ISS026&roll=E&frame=28237,http://eol.jsc.nasa.gov/sseop/images/ESC/small/ISS026/ISS026-E-28237.JPG,"Alex, Marian",,200 mm,NIKON D3S,0.066666666666667,4,12800,0,,,
,2011:02:18 23:24:16,India,"Pune, Maharastra","18.520, 73.857",,,http://eol.jsc.nasa.gov/scripts/sseop/photo.pl?mission=ISS026&roll=E&frame=28244,http://eol.jsc.nasa.gov/sseop/images/ESC/small/ISS026/ISS026-E-28244.JPG,Alex,,200 mm,NIKON D3S,0.066666666666667,4,12800,0,,,
,2011:02:18 23:26:12,India,"Hyderabad, Andhra Pradesh","17.387, 78.487",,,http://eol.jsc.nasa.gov/scripts/sseop/photo.pl?mission=ISS026&roll=E&frame=28261,http://eol.jsc.nasa.gov/sseop/images/ESC/small/ISS026/ISS026-E-28261.JPG,Alex,,200 mm,NIKON D3S,0.066666666666667,4,12800,0,,28261 - 	28272,
,2011:02:19 00:27:58,USA,"Virginia Beach, Virginia","37.492,-78.629",noroeste,,http://eol.jsc.nasa.gov/scripts/sseop/QuickView.pl?directory=ESC&ID=ISS026-E-28282,http://eol.jsc.nasa.gov/sseop/images/ESC/small/ISS026/ISS026-E-28282.jpg,"Alex, Marian",,80 mm,NIKON D3S,0.066666666666667,4,12800,1,,,
,2011:02:22 00:13:09,Canada,Montreal,"45,514, -73,675",,,http://eol.jsc.nasa.gov/scripts/sseop/QuickView.pl?directory=ESC&ID=ISS026-E-34846,http://eol.jsc.nasa.gov/sseop/images/ESC/small/ISS026/ISS026-E-34846.jpg,"Marian,Alex",,135 mm,NIKON D3S,0.066666666666667,2.8,12800,0,,,
,2011:02:22 23:16:30,France,Paris,"48.9 , 2.5",Nadir: este,,http://eol.jsc.nasa.gov/scripts/sseop/photo.pl?mission=ISS026&roll=E&frame=28791,http://eol.jsc.nasa.gov/sseop/images/ESC/small/ISS026/ISS026-E-28791.JPG,Alex,,200 mm,NIKON D3S,0.066666666666667,2.8,12800,0,,	28791 - 	28805,
,2011:02:22 23:16:43,France,Paris,"48.8, 2.4",Nadir: noroeste,,http://eol.jsc.nasa.gov/scripts/sseop/QuickView.pl?directory=ESC&ID=ISS026-E-28794,http://eol.jsc.nasa.gov/sseop/images/ESC/small/ISS026/ISS026-E-28794.jpg,Marian,,200.0 mm,NIKON D3S,0.066666666666667,2.8,12800,1,http://www.flickr.com/photos/magisstra/5470118089/,28791 - 28805 10927-10941,
,2011:02:22 23:17:49,France,Geneva,"46.5, 7.0",oeste,parcialmente nublado,http://eol.jsc.nasa.gov/scripts/sseop/QuickView.pl?directory=ESC&ID=ISS026-E-28806,http://eol.jsc.nasa.gov/sseop/images/ESC/small/ISS026/ISS026-E-28806.jpg,Marian,,80 mm,NIKON D3S,0.066666666666667,2.8,12800,1,,,
,2011:02:22 23:17:54,Suiza,BERN-LUZERN-ZURICH,"46.5, 8.6",,Cobertura nubes: 50%,http://eol.jsc.nasa.gov/scripts/sseop/photo.pl?mission=ISS026&roll=E&frame=28808,http://eol.jsc.nasa.gov/sseop/images/ESC/small/ISS026/ISS026-E-28808.JPG,Marian,,80 mm,NIKON D3S,0.066666666666667,2.8,12800,1,,,
,2011:02:22 23:18:30,Italy,Milano.,"45.5, 9.3",Nadir: oeste,,http://eol.jsc.nasa.gov/scripts/sseop/QuickView.pl?directory=ESC&ID=ISS026-E-28826,http://eol.jsc.nasa.gov/sseop/images/ESC/small/ISS026/ISS026-E-28826.jpg,Marian,,200.0 mm,NIKON D3S,0.066666666666667,2.8,12800,1,http://www.flickr.com/photos/magisstra/5323249838/in/photostream/,28881 - 28830 26521 - 26528 ,
,2011:02:22 23:19:03,Italy,FIRENZE-LIVORNO-PISA REGION AT NIGHT,"43.8, 10.7",Nadir: oeste,,http://eol.jsc.nasa.gov/scripts/sseop/photo.pl?mission=ISS026&roll=E&frame=28837,http://eol.jsc.nasa.gov/sseop/images/ESC/small/ISS026/ISS026-E-28837.JPG,"Marian, Guillermo",,135.0 mm,NIKON DS3,0.066666666666667,2.8,12800,1,,28834-28838,
,2011:02:22 23:19:06,Italy,LIVORNO-PISA-VIAREGGIO REGION AT NIGHT,"43.9, 10.5",Nadir: oeste,,http://eol.jsc.nasa.gov/scripts/sseop/QuickView.pl?directory=ESC&ID=ISS026-E-28840,http://eol.jsc.nasa.gov/sseop/images/ESC/small/ISS026/ISS026-E-28840.JPG,"Marian, Guillermo",,200.0 mm,NIKON DS3,0.066666666666667,2.8,12800,1,,,
,2011:02:22 23:19:47,Croatia,Split,"43.5, 16.4",Nadir: noroeste,,http://eol.jsc.nasa.gov/scripts/sseop/QuickView.pl?directory=ESC&ID=ISS026-E-28847,http://eol.jsc.nasa.gov/sseop/images/ESC/small/ISS026/ISS026-E-28847.jpg,"Marian, Guillermo",,200.0 mm,NIKON DS3,0.066666666666667,2.8,12800,1,http://www.flickr.com/photos/magisstra/5428247317/in/photostream/,28847 - 28849,
,2011:02:22 23:20:45,Albania,TIRANE-DURRES AREA AT NIGHT,"41.3, 19.7",Nadir: oeste,,http://eol.jsc.nasa.gov/scripts/sseop/QuickView.pl?directory=ESC&ID=ISS026-E-28857,http://eol.jsc.nasa.gov/sseop/images/ESC/small/ISS026/ISS026-E-28857.jpg,"Marian, Guillermo",,200.0 mm,NIKON DS3,0.066666666666667,2.8,12800,1,,28856 - 28859,
,2011:02:22 23:21:44,Grecia,Atenas,"38.0, 23.7",Nadir: oeste,,http://eol.jsc.nasa.gov/scripts/sseop/QuickView.pl?directory=ESC&ID=ISS026-E-28866,http://eol.jsc.nasa.gov/sseop/images/ESC/small/ISS026/ISS026-E-28866.JPG,"Marian, Guillermo",,200.0 mm,NIKON DS3,0.066666666666667,2.8,12800,1,,28862 - 28876,
,2011:02:22 23:23:50,Cyprus,Nicosia,"35.2, 33.4",Nadir: noroeste,,http://eol.jsc.nasa.gov/scripts/sseop/QuickView.pl?directory=ESC&ID=ISS026-E-28888,http://eol.jsc.nasa.gov/sseop/images/ESC/small/ISS026/ISS026-E-28888.jpg,Marian,,200.0 mm,NIKON DS3,0.066666666666667,2.8,12800,1,,28888 - 28889 28892 - 28893,
,2011:02:22 23:23:53,Cyprus,NICOSIA AND CITIES OF CYPRUS AT NIGHT,"35.5, 33.0",Nadir: norte,,http://eol.jsc.nasa.gov/scripts/sseop/QuickView.pl?directory=ESC&ID=ISS026-E-28890,http://eol.jsc.nasa.gov/sseop/images/ESC/small/ISS026/ISS026-E-28890.jpg,Marian,,80.0 mm,NIKON DS3,0.066666666666667,2.8,12800,1,,28890 - 28891,
,2011:02:22 23:24:12,Líbano,BEIRUT AREA AT NIGHT,"33.8, 35.4",Nadir: noreste,,http://eol.jsc.nasa.gov/scripts/sseop/QuickView.pl?directory=ESC&ID=ISS026-E-28894,http://eol.jsc.nasa.gov/sseop/images/ESC/small/ISS026/ISS026-E-28894.jpg,Marian,,200.0 mm,NIKON DS3,0.066666666666667,2.8,12800,1,,28894 - 28895,
,2011:02:22 23:24:15,Líbano,SAIDA-SOUR AREA AT NIGHT,"33.4, 35.3",Nadir: noreste,,http://eol.jsc.nasa.gov/scripts/sseop/QuickView.pl?directory=ESC&ID=ISS026-E-28896,http://eol.jsc.nasa.gov/sseop/images/ESC/small/ISS026/ISS026-E-28896.jpg,Marian,,200.0 mm,NIKON DS3,0.066666666666667,2.8,12800,1,,,
,2011:02:22 23:24:18,Israel,SOUR-NAHARIYYA-HAIFA AREA AT NIGHT,"33.0, 35.2",Nadir: noreste,,http://eol.jsc.nasa.gov/scripts/sseop/QuickView.pl?directory=ESC&ID=ISS026-E-28898,http://eol.jsc.nasa.gov/sseop/images/ESC/small/ISS026/ISS026-E-28898.JPG,Marian,,200.0 mm,NIKON DS3,0.066666666666667,2.8,12800,1,,,
,2011:02:22 23:24:40,Israel,HAIFA-NAHRIYYA AREA AT NIGHT,"32.9, 35.1",Nadir: norte,,http://eol.jsc.nasa.gov/scripts/sseop/QuickView.pl?directory=ESC&ID=ISS026-E-28909,http://eol.jsc.nasa.gov/sseop/images/ESC/small/ISS026/ISS026-E-28909.jpg,Marian,,200.0 mm,NIKON DS3,0.066666666666667,2.8,12800,1,,,
,2011:02:22 23:24:44,Israel,Tel Aviv ,"32.0, 34.8",Nadir: norte,despejado,http://eol.jsc.nasa.gov/scripts/sseop/photo.pl?mission=ISS026&roll=E&frame=28912,http://eol.jsc.nasa.gov/sseop/images/ESC/small/ISS026/ISS026-E-28912.JPG,Marian,,200.0 mm,NIKON D3S,0.066666666666667,2.8,12800,1,http://www.flickr.com/photos/magisstra/5322644675/in/photostream/,28901 - 28905 28912- 28917,
,2011:02:22 23:24:52,Israel,TEL AVIV-JERUSALEM-AMMAN REGION AT NIGHT,"32.0, 35.5",Nadir: norte,,http://eol.jsc.nasa.gov/scripts/sseop/photo.pl?mission=ISS026&roll=E&frame=28918,http://eol.jsc.nasa.gov/sseop/images/ESC/small/ISS026/ISS026-E-28918.JPG,Marian,,80.0 mm,NIKON DS3,0.066666666666667,2.8,12800,1,,,
,2011:02:22 23:24:56,Jordan,AMMAN AREA AT NIGHT,"32.0, 35.9",Nadir: norte,,http://eol.jsc.nasa.gov/scripts/sseop/QuickView.pl?directory=ESC&ID=ISS026-E-28920,http://eol.jsc.nasa.gov/sseop/images/ESC/small/ISS026/ISS026-E-28920.jpg,Marian,,200.0 mm,NIKON DS3,0.066666666666667,2.8,12800,1,,28920 - 28927,
,2011:02:22 23:26:17,,CITIES OF THE SINAI PENINSULA REGION AT NIGHT,"28.0, 34.0",Nadir: oeste,,http://eol.jsc.nasa.gov/scripts/sseop/photo.pl?mission=ISS026&roll=E&frame=28939,http://eol.jsc.nasa.gov/sseop/images/ESC/small/ISS026/ISS026-E-28939.JPG,Marian,,16.00 mm,NIKON D3S,0.066666666666667,2.8,12800,1,http://www.flickr.com/photos/magisstra/5326679750/in/photostream/,28938-28939,
,2011:02:22 23:26:54,Arabia Saudi,Medina,"24.5, 39.6",Nadir: oeste,,http://eol.jsc.nasa.gov/scripts/sseop/QuickView.pl?directory=ESC&ID=ISS026-E-28941,http://eol.jsc.nasa.gov/sseop/images/ESC/small/ISS026/ISS026-E-28941.jpg,Marian,,200.0 mm,NIKON DS3,0.066666666666667,2.8,12800,1,,,
,2011:02:22 23:27:44,Arabia Saudi,JEDDAH-MECCA-AT TA'IF REGION AT NIGHT,"21.5, 39.8",Nadir: oeste,,http://eol.jsc.nasa.gov/scripts/sseop/QuickView.pl?directory=ESC&ID=ISS026-E-28948,http://eol.jsc.nasa.gov/sseop/images/ESC/small/ISS026/ISS026-E-28948.jpg,Marian,,86.0 mm,NIKON DS3,0.066666666666667,2.8,12800,1,,,
,2011:02:22 23:27:50,Arabia Saudi,MECCA AREA AT NIGHT,"21.4, 39.8",Nadir: oeste,,http://eol.jsc.nasa.gov/scripts/sseop/QuickView.pl?directory=ESC&ID=ISS026-E-28952,http://eol.jsc.nasa.gov/sseop/images/ESC/small/ISS026/ISS026-E-28952.jpg,Marian,,200.0 mm,NIKON DS3,0.066666666666667,2.8,12800,1,,,
,2011:02:22 23:27:53,Arabia Saudi,AT TA'IF AREA AT NIGHT,"21.3, 40.4",Nadir: oeste,,http://eol.jsc.nasa.gov/scripts/sseop/QuickView.pl?directory=ESC&ID=ISS026-E-28954,http://eol.jsc.nasa.gov/sseop/images/ESC/small/ISS026/ISS026-E-28954.jpg,Marian,,200.0 mm,NIKON DS3,0.066666666666667,2.8,12800,1,,,
,2011:03:07 01:08:28,USA,Detroit,"42,333, -83,067",,,http://eol.jsc.nasa.gov/scripts/sseop/QuickView.pl?directory=ESC&ID=ISS026-E-32147,http://eol.jsc.nasa.gov/sseop/images/ESC/small/ISS026/ISS026-E-32147.jpg," Marian,Alex",,200 mm,NIKON D3S,0.066666666666667,2.8,12800,0,,32147 - 32145,
,2011:03:29 12:41:39,USA,Honolulu Hawai,"21.2 , -157.3",nadir: noroeste,,http://eol.jsc.nasa.gov/scripts/sseop/QuickView.pl?directory=ESC&ID=ISS027-E-9243,http://eol.jsc.nasa.gov/sseop/images/ESC/small/ISS027/ISS027-E-9243.jpg,Marian,,200 mm,NIKON D3S,0.066666666666667,4,12800,1,,9243 - 9251,
,2011:04:02 11:25:23,USA,Oregon,"44.1 , -132.2",nadir: este,,http://eol.jsc.nasa.gov/scripts/sseop/QuickView.pl?directory=ESC&ID=ISS027-E-10108,http://eol.jsc.nasa.gov/sseop/images/ESC/small/ISS027/ISS027-E-10105.JPG,Marian,,116 mm,NIKON D3S,0.066666666666667,4,12800,1,,,
,2011:04:06 05:16:41,USA ,St. Petersburg,"27,804, -82,594",,,http://eol.jsc.nasa.gov/scripts/sseop/QuickView.pl?directory=ESC&ID=ISS027-E-20111,http://eol.jsc.nasa.gov/sseop/images/ESC/small/ISS027/ISS027-E-20111.jpg,"Marian,Alex",,80.0 mm,NIKON D3S,0.066666666666667,2.8,12800,0,,,
,2011:04:06 05:16:45,USA,Península de Florida,"30.136, -82.441",arriba: suroeste,despejado,http://eol.jsc.nasa.gov/scripts/sseop/QuickView.pl?directory=ESC&ID=ISS027-E-30218,http://eol.jsc.nasa.gov/sseop/images/ESC/small/ISS027/ISS027-E-30218.jpg,Guillermo,Muy buena,18.0mm,NIKON D3S,0.066666666666667,2.8,12800,0,,,
,2011:04:06 05:17:22,USA,Lakeland,"28.036,-81.949",arriba: sursureste SSE,un poco desenfocada,http://eol.jsc.nasa.gov/scripts/sseop/QuickView.pl?directory=ESC&ID=ISS027-E-20118,http://eol.jsc.nasa.gov/sseop/images/ESC/small/ISS027/ISS027-E-20118.jpg,"Guillermo, Marian",buena,200.0mm,NIKON D3S,0.066666666666667,4,12800,0,,,
"Lon   = -65°03'53""     Lat   = +38°51'50"" ",2011:04:06 05:21:59,USA,Boston,"42.359, -71.058",,,http://eol.jsc.nasa.gov/scripts/sseop/QuickView.pl?directory=ESC&ID=ISS027-E-20156,http://eol.jsc.nasa.gov/sseop/images/ESC/small/ISS027/ISS027-E-20156.jpg,Marian,,200 mm,NIKON D3S,0.066666666666667,4,12800,0,,,
,2011:04:13 08:15:22,CANADA,Edmonton,"53.5 , -113.5",nadir: noroeste,,http://eol.jsc.nasa.gov/scripts/sseop/QuickView.pl?directory=ESC&ID=ISS027-E-12254,http://eol.jsc.nasa.gov/sseop/images/ESC/small/ISS027/ISS027-E-12254.jpg,Marian,,70 mm,NIKON D3S,0.066666666666667,4,12800,1,,12442 - 12254,
,2011:04:13 08:15:23,CANADA,Edmonton,"53.545, -113.490",,,http://eol.jsc.nasa.gov/scripts/sseop/QuickView.pl?directory=ESC&ID=ISS027-E-11778,http://eol.jsc.nasa.gov/sseop/images/ESC/small/ISS027/ISS027-E-11778.jpg,Marian,,200 mm,NIKON D3S,0.033333333333333,2.8,12800,0,,,
,2011:04:16 01:41:22,USA,New York - Boston,"41.253,-73.026",noroeste arriba,gran campo,http://eol.jsc.nasa.gov/scripts/sseop/photo.pl?mission=ISS027&roll=E&frame=14018,http://eol.jsc.nasa.gov/sseop/images/ESC/small/ISS027/ISS027-E-14018.JPG,Marian,,45 mm,NIKON D3S,0.033333333333333,2.8,12800,0,,,
"Lon   = -57°33'43""     Lat   = +45°12'36""",2011:04:16 01:43:24,USA,Boston,"42.359, -71.058",,,http://eol.jsc.nasa.gov/scripts/sseop/photo.pl?mission=ISS027&roll=E&frame=13661,http://eol.jsc.nasa.gov/sseop/images/ESC/small/ISS027/ISS027-E-13661.JPG,"Alex,Marian",,80.0 mm,NIKON D3S,0.066666666666667,2.8,12800,0,,,
,2011:04:16 01:45:05,Canada,St.John,"45.276,-66.065",,,http://eol.jsc.nasa.gov/scripts/sseop/photo.pl?mission=ISS027&roll=E&frame=13664,http://eol.jsc.nasa.gov/sseop/images/ESC/small/ISS027/ISS027-E-13664.JPG,"Alex, Marian",,200 mm,NIKON D3S,0.066666666666667,2.8,12800,0,,,
"Lon   = -49°16'49""     Lat   = +48°03'47"" ",2011:04:16 01:53:32,Ireland,Dublin,,,,http://eol.jsc.nasa.gov/scripts/sseop/QuickView.pl?directory=ESC&ID=ISS027-E-13666,http://eol.jsc.nasa.gov/sseop/images/ESC/small/ISS027/ISS027-E-13666.jpg,Alex,,200 mm,NIKON D3S,0.066666666666667,2.8,12800,0,,,
"Lon=-358°34'00""           Lat= +49°14'42"" ",2011:04:16 01:53:48,Reino Unido,Cardiff y Newport. Mouth of the Severn,"51.528,-3.179",noroeste noroeste arriba (NWW),parcialmente nublado,http://eol.jsc.nasa.gov/scripts/sseop/QuickView.pl?directory=ESC&ID=ISS027-E-13670,http://eol.jsc.nasa.gov/sseop/images/ESC/small/ISS027/ISS027-E-13670.jpg,"Marian, Guillermo",,80 mm,NIKON D3S,0.066666666666667,2.8,12800,0,,,
,2011:04:16 01:54:25,France,Paris,"48.860, 2.326",arriba: suroeste,,http://eol.jsc.nasa.gov/scripts/sseop/QuickView.pl?directory=ESC&ID=ISS027-E-13678,http://eol.jsc.nasa.gov/sseop/images/ESC/small/ISS027/ISS027-E-13678.jpg,"Marian, Guillermo",buena,200 mm,NIKON D3S,0.066666666666667,2.8,12800,0,,"Filas 50, 160, 161",
"Lon   = -70°39'27""     Lat   = +41°22'59""  ",2011:04:16 08:04:01,USA,Long Island,"41.084,-73.394",arriba: noreste,,http://eol.jsc.nasa.gov/scripts/sseop/photo.pl?mission=ISS027&roll=E&frame=13692,http://eol.jsc.nasa.gov/sseop/images/ESC/small/ISS027/ISS027-E-13692.JPG,Marian,,80 mm,NIKON D3S,0.066666666666667,2.8,12800,0,,,
,2011:04:16 08:04:48,USA,Connecticut,"41.796,-72.664",arriba: suroeste,gran campo,http://eol.jsc.nasa.gov/scripts/sseop/QuickView.pl?directory=ESC&ID=ISS027-E-14068,http://eol.jsc.nasa.gov/sseop/images/ESC/small/ISS027/ISS027-E-14068.jpg,"Marian, Guillermo",buena,60 mm,NIKON D3S,0.066666666666667,4,12800,0,,,
,2011:04:17 08:26:42,USA,ILLINOIS,"41.5, -88.0",,,http://eol.jsc.nasa.gov/scripts/sseop/QuickView.pl?directory=ESC&ID=ISS027-E-13725,http://eol.jsc.nasa.gov/sseop/images/ESC/small/ISS027/ISS027-E-13725.jpg,Marian,,80 mm,NIKON D3S,0.066666666666667,2.8,12800,0,,,
,2011:04:17 08:29:06,USA,Baltimore y Washington DC,"39.08,-76.65",norte esquina inferior izquierda,parcialmente nublado con nubes altas,http://eol.jsc.nasa.gov/scripts/sseop/photo.pl?mission=ISS027&roll=E&frame=13744,http://eol.jsc.nasa.gov/sseop/images/ESC/small/ISS027/ISS027-E-13744.JPG,"Marian, Guillermo",buena,80 mm,NIKON D3S,0.066666666666667,2.8,12800,0,,,
,2011:04:17 08:30:00,USA,Washington DC y Richmond a la derecha; con Fredericksburg en medio.,"38.32,-77.18",norte: esquina inferior izquierda (más o menos),Washington DC parcialmente nublado con nubes altas,http://eol.jsc.nasa.gov/scripts/sseop/photo.pl?mission=ISS027&roll=E&frame=13754,http://eol.jsc.nasa.gov/sseop/images/ESC/small/ISS027/ISS027-E-13754.JPG,"Marian, Guillermo",un poco movida,80 mm,NIKON D3S,0.066666666666667,2.8,12800,0,,,
,2011:04:17 08:30:03,USA,"Norfolk, Portsmouth, Virginia Beach","37.06,-76.47",norte: esquina inferior izquierda,despejado,http://eol.jsc.nasa.gov/scripts/sseop/photo.pl?mission=ISS027&roll=E&frame=13755,http://eol.jsc.nasa.gov/sseop/images/ESC/small/ISS027/ISS027-E-13755.JPG,"Marian, Guillermo",muy nítida,80 mm,NIKON D3S,0.066666666666667,2.8,12800,0,,,
"Lon   = -68°32'03""     Lat   = +31°24'17""  ",2011:04:17 08:31:16,North Carolina?,New Bern?,,,,http://eol.jsc.nasa.gov/scripts/sseop/QuickView.pl?directory=ESC&ID=ISS027-E-13768,http://eol.jsc.nasa.gov/sseop/images/ESC/small/ISS027/ISS027-E-13768.jpg,Marian,,200 mm,NIKON D3S,0.066666666666667,2.8,12800,0,,,
,2011:04:17 08:31:27,USA- Canada,Alaska - Canadá,"64.168,-154.51",arriba: oeste,gran campo,http://eol.jsc.nasa.gov/scripts/sseop/photo.pl?mission=ISS027&roll=E&frame=13770,http://eol.jsc.nasa.gov/sseop/images/ESC/small/ISS027/ISS027-E-13770.JPG,Marian,,200 mm,NIKON D3S,0.066666666666667,2.8,12800,0,,,
,2011:04:17 09:55:50,,,,,,http://eol.jsc.nasa.gov/scripts/sseop/QuickView.pl?directory=ESC&ID=ISS027-E-13785,http://eol.jsc.nasa.gov/sseop/images/ESC/small/ISS027/ISS027-E-13785.jpg,Marian,,200 mm,NIKON D3S,0.066666666666667,2.8,12800,0,,,
,2011:04:17 09:56:18,,,,,,http://eol.jsc.nasa.gov/scripts/sseop/QuickView.pl?directory=ESC&ID=ISS027-E-14102,http://eol.jsc.nasa.gov/sseop/images/ESC/small/ISS027/ISS027-E-14102.jpg,Marian,,56.0 mm,NIKON D3S,0.066666666666667,4,12800,0,,,
,2011:04:17 10:02:05,USA,Mineapolis-St Paul,"44.972,-93.178",arriba: noreste,,http://eol.jsc.nasa.gov/scripts/sseop/QuickView.pl?directory=ESC&ID=ISS027-E-13817,http://eol.jsc.nasa.gov/sseop/images/ESC/small/ISS027/ISS027-E-13817.jpg,Marian,,100 mm,NIKON D3S,0.066666666666667,2.8,12800,0,,,
"Lon   = -88°24'20""     Lat   = +28°16'45""  ",2011:04:17 10:03:51,,,,,,http://eol.jsc.nasa.gov/scripts/sseop/QuickView.pl?directory=ESC&ID=ISS027-E-13824,http://eol.jsc.nasa.gov/sseop/images/ESC/small/ISS027/ISS027-E-13824.JPG,Marian,,200 mm,NIKON D3S,0.066666666666667,2.8,12800,0,,,
"Lon   = -122°58'50""     Lat   = +37°34'20"" ",2011:04:17 11:31:48,,,,,,http://eol.jsc.nasa.gov/scripts/sseop/QuickView.pl?directory=ESC&ID=ISS027-E-13369,http://eol.jsc.nasa.gov/sseop/images/ESC/small/ISS027/ISS027-E-13369.jpg,Marian,,31 mm,NIKON D3S,0.05,3.2,12800,0,,,
,2011:04:17 11:33:41,USA,Los Angeles,"33.830,-118.130",arriba: norte,algo nuboso,http://eol.jsc.nasa.gov/scripts/sseop/QuickView.pl?directory=ESC&ID=ISS027-E-13856,http://eol.jsc.nasa.gov/sseop/images/ESC/small/ISS027/ISS027-E-13856.jpg,"Marian, Guillermo",buena ,200 mm,NIKON D3S,0.066666666666667,2.8,12800,0,,,
,2011:04:17 11:34:36,USA,Costa Oeste,"43.133,-123.135",arriba: suroeste,,http://eol.jsc.nasa.gov/scripts/sseop/QuickView.pl?directory=ESC&ID=ISS027-E-13382,http://eol.jsc.nasa.gov/sseop/images/ESC/small/ISS027/ISS027-E-13382.jpg,Marian,,40 mm,NIKON D3S,0.05,3.2,12800,0,,,
,2011:04:19 18:22:53,CHINA,Beijing - Tianjin,"39.6,116.8",arriba: noroeste,,http://eol.jsc.nasa.gov/scripts/sseop/QuickView.pl?directory=ESC&ID=ISS027-E-14348,http://eol.jsc.nasa.gov/sseop/images/ESC/small/ISS027/ISS027-E-14348.jpg,Marian,,70.0 mm,NIKON D3S,0.066666666666667,4,12800,0,,,
,2011:04:19 18:23:06,CHINA,Beijing,"39.9 , 116.4",Nadir: noroeste,,http://eol.jsc.nasa.gov/scripts/sseop/QuickView.pl?directory=ESC&ID=ISS027-E-14748,http://eol.jsc.nasa.gov/sseop/images/ESC/small/ISS027/ISS027-E-14748.jpg,Marian,,116.0 mm,NIKON D3S,0.066666666666667,2.8,12800,1,,14744 - 14762,
,2011:04:19 18:23:39,CHINA,"Tianjin, Wuqing","39.0 , 117.5",Nadir: noroeste,,http://eol.jsc.nasa.gov/scripts/sseop/QuickView.pl?directory=ESC&ID=ISS027-E-14766,http://eol.jsc.nasa.gov/sseop/images/ESC/small/ISS027/ISS027-E-14766.jpg,Marian,,110.0 mm,NIKON D3S,0.066666666666667,2.8,12800,1,,14763 - 14771,
,2011:04:19 18:24:44,CHINA,"QINGDAO, JIAOZHOUWAN, HUANGDAO","36.1, 120.4",Nadir: oeste,Despejado,http://eol.jsc.nasa.gov/scripts/sseop/photo.pl?mission=ISS027&roll=E&frame=14777,http://eol.jsc.nasa.gov/sseop/images/ESC/small/ISS027/ISS027-E-14777.JPG,Marian,,100.0 mm,NIKON D3S,0.066666666666667,2.8,12800,1,,14777 - 14787,
,2011:04:19 18:25:24,South Korea,Incheon,"37.5 , 126.8",Nadir: norte,,http://eol.jsc.nasa.gov/scripts/sseop/QuickView.pl?directory=ESC&ID=ISS027-E-14789,http://eol.jsc.nasa.gov/sseop/images/ESC/small/ISS027/ISS027-E-14789.jpg,Marian,,100.0 mm,NIKON D3S,0.066666666666667,2.8,12800,1,,14788 - 14794,
,2011:04:19 18:25:56,South Korea,"SEOUL, HAN RIVER, SUWON, ANSAN ","37.3, 126.9",Nadir: norte,,http://eol.jsc.nasa.gov/scripts/sseop/photo.pl?mission=ISS027&roll=E&frame=14797,http://eol.jsc.nasa.gov/sseop/images/ESC/small/ISS027/ISS027-E-14797.JPG,Marian,,200.0 mm,NIKON D3S,0.066666666666667,2.8,12800,1,,,
,2011:04:19 18:26:21,South Korea,"CHEJU DO, JEJU, SEOGWIPO","33.4, 126.6",Nadir: noroeste,,http://eol.jsc.nasa.gov/scripts/sseop/photo.pl?mission=ISS027&roll=E&frame=14803,http://eol.jsc.nasa.gov/sseop/images/ESC/small/ISS027/ISS027-E-14803.JPG,Marian,,116.0 mm,NIKON D3S,0.066666666666667,2.8,12800,1,,,
"Lon   =  -335°17'50""     Lat   = +51°46'55""   ",2011:04:21 20:31:48,Hungary,Budapest,"47.499,19.041",noroeste arriba,despejado,http://eol.jsc.nasa.gov/scripts/sseop/QuickView.pl?directory=ESC&ID=ISS027-E-15209,http://eol.jsc.nasa.gov/sseop/images/ESC/small/ISS027/ISS027-E-15209.jpg,Marian,muy buena,200.0 mm,NIKON D3S,0.066666666666667,2.8,12800,0,http://www.flickr.com/photos/magisstra/5329893054/in/photostream/,,
"Lon   =  -313°14'39""     Lat   = +48°59'25"" ",2011:04:21 20:35:35,,,,,,http://eol.jsc.nasa.gov/scripts/sseop/QuickView.pl?directory=ESC&ID=ISS027-E-15216,http://eol.jsc.nasa.gov/sseop/images/ESC/small/ISS027/ISS027-E-15216.jpg,Marian,,80.0 mm,NIKON D3S,0.066666666666667,2.8,12800,0,,,
"Lon   = -8°46'30""     Lat   = +50°38'13"" ",2011:04:23 22:51:21,Europa,Irlanda - UK,"52.589,-8.745",,,http://eol.jsc.nasa.gov/scripts/sseop/QuickView.pl?directory=ESC&ID=ISS027-E-16302,http://eol.jsc.nasa.gov/sseop/images/ESC/small/ISS027/ISS027-E-16302.jpg,Marian,,28.0 mm,NIKON D3S,0.02,2.8,12800,0,,,
"Lon   = -183°15'08""     Lat   = -39°14'50"" ",2011:04:26 16:56:12,,,,,,http://eol.jsc.nasa.gov/scripts/sseop/QuickView.pl?directory=ESC&ID=ISS027-E-17353,http://eol.jsc.nasa.gov/sseop/images/ESC/small/ISS027/ISS027-E-17353.jpg,Marian,,200.0 mm,NIKON D3S,0.066666666666667,2.8,12800,0,,,
,2011:04:30 01:39:32,Sudáfrica,Ciudad del Cabo,"-33.992,18.623",oeste arriba,despejado,http://eol.jsc.nasa.gov/scripts/sseop/QuickView.pl?directory=ESC&ID=ISS027-E-18905,http://eol.jsc.nasa.gov/sseop/images/ESC/small/ISS027/ISS027-E-18905.jpg,Marian Guillermo,buena,200.0 mm,NIKON D3S,0.066666666666667,2.8,12800,0,http://i853.photobucket.com/albums/ab98/sdf545sd4f54/02CiudaddelCabo.jpg,,
"Lon   =  -336°54'58""     Lat   = +37°57'44""",2011:05:01 19:53:53,,,,,,http://eol.jsc.nasa.gov/scripts/sseop/QuickView.pl?directory=ESC&ID=ISS027-E-20950,http://eol.jsc.nasa.gov/sseop/images/ESC/small/ISS027/ISS027-E-20950.jpg,Guillermo,,200.0mm,NIKON D3S,0.066666666666667,2.8,12800,0,,,
"Lon   =  -335°17'30""     Lat   = +36°50'54""",2011:05:01 19:54:20,,,,,,http://eol.jsc.nasa.gov/scripts/sseop/QuickView.pl?directory=ESC&ID=ISS027-E-20959,http://eol.jsc.nasa.gov/sseop/images/ESC/small/ISS027/ISS027-E-20959.jpg,Marian,,200 mm,NIKON D3S,0.066666666666667,2.8,12800,0,,,
"Lon   =  -333°39'35""     Lat   = +35°40'02""",2011:05:01 19:54:48,,,,,,http://eol.jsc.nasa.gov/scripts/sseop/QuickView.pl?directory=ESC&ID=ISS027-E-20967,http://eol.jsc.nasa.gov/sseop/images/ESC/small/ISS027/ISS027-E-20967.jpg,Guillermo,,200mm,NIKON D3S,0.066666666666667,2.8,12800,0,,,
"Lon   =  -326°27'45""     Lat   = +29°39'12""",2011:05:01 19:57:03,Egipto,Alexandria,"31.203,29.905",,,http://eol.jsc.nasa.gov/scripts/sseop/photo.pl?mission=ISS027&roll=E&frame=20972,http://eol.jsc.nasa.gov/sseop/images/ESC/small/ISS027/ISS027-E-20972.JPG,Marian,,200mm,NIKON D3S,0.066666666666667,2.8,12800,0,,,
"Lon   =  -325°52'13""     Lat   = +29°05'49""",2011:05:01 19:57:15,Egipto,El Cairo,"22.391,30.278",arriba: noroeste,mayor campo,http://eol.jsc.nasa.gov/scripts/sseop/photo.pl?mission=ISS027&roll=E&frame=20976,http://eol.jsc.nasa.gov/sseop/images/ESC/small/ISS027/ISS027-E-20976.JPG,Marian,,80 mm,NIKON D3S,0.066666666666667,2.8,12800,0,,,
"Lon   =  -324°53'54""     Lat   = +28°09'46""",2011:05:01 19:57:35,Egipto,El Cairo,"30.638,31.157",arriba: noroeste,,http://eol.jsc.nasa.gov/scripts/sseop/photo.pl?mission=ISS027&roll=E&frame=20980,http://eol.jsc.nasa.gov/sseop/images/ESC/small/ISS027/ISS027-E-20980.JPG,Marian,,200mm,NIKON D3S,0.066666666666667,2.8,12800,0,,,
"Lon   =  -322°20'01""        Lat= +25°44'40"" ",2011:05:01 19:58:26,Israel,TEL AVIV-JERUSALEM-AMMAN REGION AT NIGHT,"32.0, 35.5",,,http://eol.jsc.nasa.gov/scripts/sseop/QuickView.pl?directory=ESC&ID=ISS027-E-20996,http://eol.jsc.nasa.gov/sseop/images/ESC/small/ISS027/ISS027-E-20996.jpg,Marian,,200 mm,NIKON D3S,0.066666666666667,2.8,12800,0,,,
,2011:05:01 19:58:26,Israel,TEL AVIV-JERUSALEM-AMMAN REGION AT NIGHT,"32.0, 35.5",,,http://eol.jsc.nasa.gov/scripts/sseop/QuickView.pl?directory=ESC&ID=ISS027-E-20997,http://eol.jsc.nasa.gov/sseop/images/ESC/small/ISS027/ISS027-E-20997.jpg,"Guillermo, Marian",,200.0mm,NIKON D3S,0.066666666666667,2.8,12800,0,,,
,2011:05:01 19:58:53,Arabia Saudí,TABUK,"28.4, 36.6",,despejado,http://eol.jsc.nasa.gov/scripts/sseop/QuickView.pl?directory=ESC&ID=ISS027-E-21007,http://eol.jsc.nasa.gov/sseop/images/ESC/small/ISS027/ISS027-E-21007.jpg,Marian,Buena,200.0 mm,NIKON D3S,0.066666666666667,2.8,12800,0,, 28933 - 28937,
"Lon   =  38°48'57""        Lat=+24°20'55""",2011:05:01 19:58:55,Arabia Saudí,TABUK,"28.4, 36.6",,,http://eol.jsc.nasa.gov/scripts/sseop/QuickView.pl?directory=ESC&ID=ISS027-E-21010,http://eol.jsc.nasa.gov/sseop/images/ESC/small/ISS027/ISS027-E-21010.jpg,Marian,,200 mm,NIKON D3S,0.066666666666667,2.8,12800,0,,,
,2011:05:01 19:59:52,Arabia Saudí,Mecca,,,,http://eol.jsc.nasa.gov/scripts/sseop/photo.pl?mission=ISS027&roll=E&frame=21015,http://eol.jsc.nasa.gov/sseop/images/ESC/small/ISS027/ISS027-E-21015.JPG,Marian,,200 mm,NIKON D3S,0.066666666666667,2.8,12800,0,,,
"Lon   =  41°59'44""     Lat   = +20°46'39""",2011:05:01 20:00:08,,,,,oscuro,http://eol.jsc.nasa.gov/scripts/sseop/QuickView.pl?directory=ESC&ID=ISS027-E-20254,http://eol.jsc.nasa.gov/sseop/images/ESC/small/ISS027/ISS027-E-20254.jpg,Guillermo,,16.0mm,NIKON D3S,0.066666666666667,4,12800,0,,,
"Lon   =  45°22'37""     Lat   = +16°41'05""",2011:05:01 20:01:30,Arabia Saudí,Mecca y Taif??,,,muy parecida a la numero 68,http://eol.jsc.nasa.gov/scripts/sseop/QuickView.pl?directory=ESC&ID=ISS027-E-21030,http://eol.jsc.nasa.gov/sseop/images/ESC/small/ISS027/ISS027-E-21030.jpg,Marian,,200 mm,NIKON D3S,0.066666666666667,2.8,12800,0,,,
"Lon   =  46°15'20""     Lat   = +15°34'29"" ",2011:05:01 20:01:52,,,,,,http://eol.jsc.nasa.gov/scripts/sseop/photo.pl?mission=ISS027&roll=E&frame=21037,http://eol.jsc.nasa.gov/sseop/images/ESC/small/ISS027/ISS027-E-21037.JPG,Marian,,200 mm,NIKON D3S,0.066666666666667,2.8,12800,0,,,
"Lon   =   3°47'25""     Lat   = +35°08'59"" ",2011:05:01 21:26:24,,,,,,http://eol.jsc.nasa.gov/scripts/sseop/QuickView.pl?directory=ESC&ID=ISS027-E-19991,http://eol.jsc.nasa.gov/sseop/images/ESC/small/ISS027/ISS027-E-19991.jpg,Marian,,185.0 mm,NIKON D3S,0.066666666666667,2.8,12800,0,,,
"Lon   = 320°43'32""     Lat   = +31°53'13""",2011:05:04 22:56:28,Sudáfrica,"Johannesburgo, Pretoria y Rustenburgo",Center Point Latitude: -26.0 Center Point Longitude: 28.0,arriba: suroeste,despejado,http://eol.jsc.nasa.gov/scripts/sseop/QuickView.pl?directory=ESC&ID=ISS027-E-25764,http://eol.jsc.nasa.gov/sseop/images/ESC/small/ISS027/ISS027-E-25764.jpg,Guillermo,Buena,200.0mm,NIKON D3S,0.033333333333333,2.8,12800,0,,,
"Lon   =  25°16'47""     Lat   = -20°06'14""",2011:05:07 20:55:30,Sudáfrica,"Johannesburgo, Pretoria y Rustenburgo",Center Point Latitude: -26.0 Center Point Longitude: 28.0,arriba: norte,despejado,http://eol.jsc.nasa.gov/scripts/sseop/QuickView.pl?directory=ESC&ID=ISS027-E-24885,http://eol.jsc.nasa.gov/sseop/images/ESC/small/ISS027/ISS027-E-24885.jpg,Guillermo,Buena,200.0mm,NIKON D3S,0.05,3.5,12800,1,,,
"Lon   = 313°49'18""     Lat   = -18°38'33""",2011:05:11 23:54:53,Brasil,Rio de Janerio,"-22.886,-43.187",arriba: sur,,http://eol.jsc.nasa.gov/scripts/sseop/QuickView.pl?directory=ESC&ID=ISS027-E-30639,http://eol.jsc.nasa.gov/sseop/images/ESC/small/ISS027/ISS027-E-30639.jpg,Guillermo,,200.0mm,NIKON D3S,0.05,3.5,12800,0,,,
"Lon   =  90°58'03""     Lat   = +23°09'14"" ",2011:05:28 20:10:24,,India- Bangladesh,"24.327,81.650",arriba: norte,,http://eol.jsc.nasa.gov/scripts/sseop/QuickView.pl?directory=ESC&ID=ISS028-E-6131,http://eol.jsc.nasa.gov/sseop/images/ESC/small/ISS028/ISS028-E-6131.jpg,Marian,,400.0 mm,NIKON D3S,0.008,2.8,12800,0,,,
,2011:06:11 20:50:03,,TUNIS-SOUSSE-SFAX REGION AT NIGHT,"36.0, 10.0",Nadir: suroeste,,http://eol.jsc.nasa.gov/scripts/sseop/QuickView.pl?directory=ESC&ID=ISS028-E-8591,http://eol.jsc.nasa.gov/sseop/images/ESC/small/ISS028/ISS028-E-8591.jpg,Marian,,32.0 mm,NIKON D3S,0.066666666666667,2.8,12800,1,,,
,2011:06:11 20:51:03,,ISLAND OF SICILY AT NIGHT,"38.0, 14.0",Nadir: suroeste,,http://eol.jsc.nasa.gov/scripts/sseop/photo.pl?mission=ISS028&roll=E&frame=8594,http://eol.jsc.nasa.gov/sseop/images/ESC/small/ISS028/ISS028-E-8594.JPG,Marian,,32.0 mm,NIKON D3S,0.066666666666667,2.8,12800,1,http://twitpic.com/5h5tt4,,
,2011:06:11 20:52:15,Italia,TARANTO-BRINDISI-LECCE AREA AT NIGHT,"40.5, 18.0",Nadir: suroeste,,http://eol.jsc.nasa.gov/scripts/sseop/QuickView.pl?directory=ESC&ID=ISS028-E-8600,http://eol.jsc.nasa.gov/sseop/images/ESC/small/ISS028/ISS028-E-8600.jpg,Marian,,55.0 mm,NIKON D3S,0.066666666666667,2.8,12800,1,,,
,2011:06:11 20:52:38,Italia,ROME-NAPLES-FOGGIA-PESCARA REGION AT NIGHT,"40.0, 14.0",Nadir: oeste,,http://eol.jsc.nasa.gov/scripts/sseop/photo.pl?mission=ISS028&roll=E&frame=8601,http://eol.jsc.nasa.gov/sseop/images/ESC/small/ISS028/ISS028-E-8601.JPG,Marian,,55.0 mm,NIKON D3S,0.066666666666667,2.8,12800,1,,,
,2011:02:06 01:23:04,,,,,muy movida,http://eol.jsc.nasa.gov/scripts/sseop/QuickView.pl?directory=ESC&ID=ISS026-E-35987,http://eol.jsc.nasa.gov/sseop/images/ESC/small/ISS026/ISS026-E-35987.jpg,Guillermo,regular,200.0mm,NIKON D3S,0.066666666666667,2.8,12800,0,,,
,2011:02:06 01:27:08,,,,,,http://eol.jsc.nasa.gov/scripts/sseop/QuickView.pl?directory=ESC&ID=ISS026-E-36031,http://eol.jsc.nasa.gov/sseop/images/ESC/small/ISS026/ISS026-E-36031.jpg,Guillermo,,200.0mm,NIKON D3S,0.066666666666667,2.8,12800,0,,,
,2011:08:10 00:27:06,,"BRUSSELS AT NIGHT, LONDON, ROTTERDAM, ISS",,,,http://eol.jsc.nasa.gov/scripts/sseop/photo.pl?mission=ISS028&roll=E&frame=24376,http://eol.jsc.nasa.gov/sseop/images/ESC/small/ISS028/ISS028-E-24376.JPG,Marian,,,,,,,,,,
,2011:08:10 00:27:23,," BRUSSELS AT NIGHT, ROTTERDAM, SOFT",,,,http://eol.jsc.nasa.gov/scripts/sseop/QuickView.pl?directory=ESC&ID=ISS028-E-24378,http://eol.jsc.nasa.gov/sseop/images/ESC/small/ISS028/ISS028-E-24378.jpg,Marian,,,,,,,,,,